name,path,type
Benvenuto.md,Benvenuto.md,unknown
Home.md,00_Dashboard\Home.md,unknown
Canzone di Nebvarasa.md,01_Lore\Cosmologia\Canzone di Nebvarasa.md,lore
Dimensione della Materia.md,01_Lore\Cosmologia\Dimensione della Materia.md,lore
Dimensione dello Spirito.md,01_Lore\Cosmologia\Dimensione dello Spirito.md,lore
Guerra Celeste.md,01_Lore\Cosmologia\Guerra Celeste.md,lore
Meteore.md,01_Lore\Cosmologia\Meteore.md,artifact
Mondo di Neir.md,01_Lore\Cosmologia\Mondo di Neir.md,lore
Notte Eterna.md,01_Lore\Cosmologia\Notte Eterna.md,lore
Adraoos.md,01_Lore\Divinità_e_Fazioni\Adraoos.md,deity_or_faction
Bakraag.md,01_Lore\Divinità_e_Fazioni\Bakraag.md,deity_or_faction
Demien.md,01_Lore\Divinità_e_Fazioni\Demien.md,deity_or_faction
Divinità.md,01_Lore\Divinità_e_Fazioni\Divinità.md,deity_or_faction
Doomkhan.md,01_Lore\Divinità_e_Fazioni\Doomkhan.md,deity_or_faction
Fadranstaff.md,01_Lore\Divinità_e_Fazioni\Fadranstaff.md,deity_or_faction
Garod.md,01_Lore\Divinità_e_Fazioni\Garod.md,deity_or_faction
Glumdrung.md,01_Lore\Divinità_e_Fazioni\Glumdrung.md,deity_or_faction
Halthea.md,01_Lore\Divinità_e_Fazioni\Halthea.md,deity_or_faction
Iliar.md,01_Lore\Divinità_e_Fazioni\Iliar.md,deity_or_faction
Krea.md,01_Lore\Divinità_e_Fazioni\Krea.md,deity_or_faction
Lanie.md,01_Lore\Divinità_e_Fazioni\Lanie.md,deity_or_faction
Laon.md,01_Lore\Divinità_e_Fazioni\Laon.md,deity_or_faction
Lurtan.md,01_Lore\Divinità_e_Fazioni\Lurtan.md,deity_or_faction
Maskarr.md,01_Lore\Divinità_e_Fazioni\Maskarr.md,deity_or_faction
Nuzagaal.md,01_Lore\Divinità_e_Fazioni\Nuzagaal.md,deity_or_faction
Tenebris.md,01_Lore\Divinità_e_Fazioni\Tenebris.md,deity_or_faction
Unthamarand.md,01_Lore\Divinità_e_Fazioni\Unthamarand.md,deity_or_faction
Cenere di Lanie.md,01_Lore\Geografia\Cenere di Lanie.md,location
Dominio delle Trame.md,01_Lore\Geografia\Dominio delle Trame.md,location
Ducato di Öuin.md,01_Lore\Geografia\Ducato di Öuin.md,location
Favoleggiate Rovine di Gundazar.md,01_Lore\Geografia\Favoleggiate Rovine di Gundazar.md,location
Impero delle Terre Nascoste.md,01_Lore\Geografia\Impero delle Terre Nascoste.md,location
Larass'hra.md,01_Lore\Geografia\Larass'hra.md,location
Magocrazia di Nü.md,01_Lore\Geografia\Magocrazia di Nü.md,location
Neir.md,01_Lore\Geografia\Neir.md,location
Oasi di Zey.md,01_Lore\Geografia\Oasi di Zey.md,location
Pianure di Xanesh.md,01_Lore\Geografia\Pianure di Xanesh.md,location
Rengaria.md,01_Lore\Geografia\Rengaria.md,location
Repubblica di Mendulia’s Rock.md,01_Lore\Geografia\Repubblica di Mendulia’s Rock.md,location
Valle Nuvolosa.md,01_Lore\Geografia\Valle Nuvolosa.md,location
Valli dei Giganti.md,01_Lore\Geografia\Valli dei Giganti.md,location
Verde Foresta.md,01_Lore\Geografia\Verde Foresta.md,location
Elfi di Dor.md,01_Lore\Razze_e_Popoli\Elfi di Dor.md,ancestry
Hjilaki.md,01_Lore\Razze_e_Popoli\Hjilaki.md,ancestry
Vampiro.md,01_Lore\Razze_e_Popoli\Vampiro.md,ancestry
Vera Magia.md,01_Lore\Vera Magia\Vera Magia.md,lore
Ali del Radioso Martirio.md,01_Lore\Cosmologia\Meteore\Ali del Radioso Martirio.md,artifact
Amuleto dell'Investigatore.md,01_Lore\Cosmologia\Meteore\Amuleto dell'Investigatore.md,artifact
Anelli degli Elementi.md,01_Lore\Cosmologia\Meteore\Anelli degli Elementi.md,artifact
Balestre della Vita e della Morte.md,01_Lore\Cosmologia\Meteore\Balestre della Vita e della Morte.md,artifact
Bastone della Misericordia.md,01_Lore\Cosmologia\Meteore\Bastone della Misericordia.md,artifact
Bestia Sacra Eneli.md,01_Lore\Cosmologia\Meteore\Bestia Sacra Eneli.md,artifact
Binocolo della Preveggenza.md,01_Lore\Cosmologia\Meteore\Binocolo della Preveggenza.md,artifact
Bracciale dell'Oltredove.md,01_Lore\Cosmologia\Meteore\Bracciale dell'Oltredove.md,artifact
Bracciale delle Molte Forme.md,01_Lore\Cosmologia\Meteore\Bracciale delle Molte Forme.md,artifact
Bracciale Sulfureo.md,01_Lore\Cosmologia\Meteore\Bracciale Sulfureo.md,artifact
Chevya' La Bestia.md,01_Lore\Cosmologia\Meteore\Chevya' La Bestia.md,artifact
Collana del Distruttore.md,01_Lore\Cosmologia\Meteore\Collana del Distruttore.md,artifact
Collana del Mutaforma.md,01_Lore\Cosmologia\Meteore\Collana del Mutaforma.md,artifact
Cormaglio.md,01_Lore\Cosmologia\Meteore\Cormaglio.md,artifact
Cuore Divino.md,01_Lore\Cosmologia\Meteore\Cuore Divino.md,artifact
Demone X.md,01_Lore\Cosmologia\Meteore\Demone X.md,artifact
Domatore di Bestie.md,01_Lore\Cosmologia\Meteore\Domatore di Bestie.md,artifact
Dozhdboli il Nero Flagello.md,01_Lore\Cosmologia\Meteore\Dozhdboli il Nero Flagello.md,artifact
Dustsceawung.md,01_Lore\Cosmologia\Meteore\Dustsceawung.md,artifact
Egida del Rogo.md,01_Lore\Cosmologia\Meteore\Egida del Rogo.md,artifact
Elmo del Fante Demoniaco.md,01_Lore\Cosmologia\Meteore\Elmo del Fante Demoniaco.md,artifact
Elmo di Gwynplaine.md,01_Lore\Cosmologia\Meteore\Elmo di Gwynplaine.md,artifact
Fante Demoniaco.md,01_Lore\Cosmologia\Meteore\Fante Demoniaco.md,artifact
Foglia di Iliar.md,01_Lore\Cosmologia\Meteore\Foglia di Iliar.md,artifact
Frullatore (danneggiato).md,01_Lore\Cosmologia\Meteore\Frullatore (danneggiato).md,artifact
Frusta Fiammeggiante.md,01_Lore\Cosmologia\Meteore\Frusta Fiammeggiante.md,artifact
Gemma del Mana Perpetuo.md,01_Lore\Cosmologia\Meteore\Gemma del Mana Perpetuo.md,artifact
Infallibile Cristallo del Fato.md,01_Lore\Cosmologia\Meteore\Infallibile Cristallo del Fato.md,artifact
K'idusi Seyifi Mak'at'eli.md,01_Lore\Cosmologia\Meteore\K'idusi Seyifi Mak'at'eli.md,artifact
Kanptazu.md,01_Lore\Cosmologia\Meteore\Kanptazu.md,artifact
La Senza Peso.md,01_Lore\Cosmologia\Meteore\La Senza Peso.md,artifact
Lacrime Celesti.md,01_Lore\Cosmologia\Meteore\Lacrime Celesti.md,artifact
Lama del Sacro Ordine.md,01_Lore\Cosmologia\Meteore\Lama del Sacro Ordine.md,artifact
Lancia Angelica.md,01_Lore\Cosmologia\Meteore\Lancia Angelica.md,artifact
Lanterna del Becchino.md,01_Lore\Cosmologia\Meteore\Lanterna del Becchino.md,artifact
Lenti dell'Archivista.md,01_Lore\Cosmologia\Meteore\Lenti dell'Archivista.md,artifact
Malia dell'Infido Gatto.md,01_Lore\Cosmologia\Meteore\Malia dell'Infido Gatto.md,artifact
Mano di Krea.md,01_Lore\Cosmologia\Meteore\Mano di Krea.md,artifact
Mantello dei Venti.md,01_Lore\Cosmologia\Meteore\Mantello dei Venti.md,artifact
Mantello dell'Inconsistenza.md,01_Lore\Cosmologia\Meteore\Mantello dell'Inconsistenza.md,artifact
Matna e la Scatola.md,01_Lore\Cosmologia\Meteore\Matna e la Scatola.md,artifact
Mercanti di Meteore.md,01_Lore\Cosmologia\Meteore\Mercanti di Meteore.md,artifact
Nindja.md,01_Lore\Cosmologia\Meteore\Nindja.md,artifact
Occhio del Demone.md,01_Lore\Cosmologia\Meteore\Occhio del Demone.md,artifact
Oppressione Demoniaca.md,01_Lore\Cosmologia\Meteore\Oppressione Demoniaca.md,artifact
Orecchini della Selva.md,01_Lore\Cosmologia\Meteore\Orecchini della Selva.md,artifact
Osservatore Celeste.md,01_Lore\Cosmologia\Meteore\Osservatore Celeste.md,artifact
Prima Lucis Advehens.md,01_Lore\Cosmologia\Meteore\Prima Lucis Advehens.md,artifact
Psy Bot.md,01_Lore\Cosmologia\Meteore\Psy Bot.md,artifact
Putto.md,01_Lore\Cosmologia\Meteore\Putto.md,artifact
Sfida Celeste.md,01_Lore\Cosmologia\Meteore\Sfida Celeste.md,artifact
Teschio del Traditore.md,01_Lore\Cosmologia\Meteore\Teschio del Traditore.md,artifact
Tibia di Jonuun.md,01_Lore\Cosmologia\Meteore\Tibia di Jonuun.md,artifact
Tridente del Mare Eterno.md,01_Lore\Cosmologia\Meteore\Tridente del Mare Eterno.md,artifact
Yolandi.md,01_Lore\Cosmologia\Meteore\Yolandi.md,artifact
Cratere di Lava.md,01_Lore\Geografia\Cenere di Lanie\Cratere di Lava.md,location
Distese Nuvolose di Aej'Nagrizzt.md,01_Lore\Geografia\Cenere di Lanie\Distese Nuvolose di Aej'Nagrizzt.md,location
Placido Specchio di Ghyd.md,01_Lore\Geografia\Cenere di Lanie\Placido Specchio di Ghyd.md,location
Città delle Trame.md,01_Lore\Geografia\Dominio delle Trame\Città delle Trame.md,location
Landa di Edeber.md,01_Lore\Geografia\Ducato di Öuin\Landa di Edeber.md,location
Öuin.md,01_Lore\Geografia\Ducato di Öuin\Öuin.md,location
Gundazar.md,01_Lore\Geografia\Favoleggiate Rovine di Gundazar\Gundazar.md,location
Kkyrlamny.md,01_Lore\Geografia\Impero delle Terre Nascoste\Kkyrlamny.md,location
Provincia di Petralta.md,01_Lore\Geografia\Impero delle Terre Nascoste\Provincia di Petralta.md,location
Mendulia's Rock.md,01_Lore\Geografia\La Repubblica di Mendulia's Rock\Mendulia's Rock.md,location
Baia d'Argento di Onor.md,01_Lore\Geografia\Larass'hra\Baia d'Argento di Onor.md,location
Bosco di Alysara.md,01_Lore\Geografia\Larass'hra\Bosco di Alysara.md,location
Bosco di Llira.md,01_Lore\Geografia\Larass'hra\Bosco di Llira.md,location
Bosco di Melis.md,01_Lore\Geografia\Larass'hra\Bosco di Melis.md,location
Cimitero dei Draghi.md,01_Lore\Geografia\Larass'hra\Cimitero dei Draghi.md,location
Desolazione Occidentale.md,01_Lore\Geografia\Larass'hra\Desolazione Occidentale.md,location
Golfo della Zanna Blu.md,01_Lore\Geografia\Larass'hra\Golfo della Zanna Blu.md,location
Isole Gemelle.md,01_Lore\Geografia\Larass'hra\Isole Gemelle.md,location
Lago di Udz.md,01_Lore\Geografia\Larass'hra\Lago di Udz.md,location
Mare della Progenie dell'Esiliato.md,01_Lore\Geografia\Larass'hra\Mare della Progenie dell'Esiliato.md,location
Montagna dell'Occhio del Drago.md,01_Lore\Geografia\Larass'hra\Montagna dell'Occhio del Drago.md,location
Picchi del Wyrm.md,01_Lore\Geografia\Larass'hra\Picchi del Wyrm.md,location
Progenie del Vulcano.md,01_Lore\Geografia\Larass'hra\Progenie del Vulcano.md,location
Regione Mistica.md,01_Lore\Geografia\Larass'hra\Regione Mistica.md,location
Terra di Ambra.md,01_Lore\Geografia\Larass'hra\Terra di Ambra.md,location
Vetta delle Anime.md,01_Lore\Geografia\Larass'hra\Vetta delle Anime.md,location
Azkabel.md,01_Lore\Geografia\Magocrazia di Nü\Azkabel.md,location
Città di Nü.md,01_Lore\Geografia\Magocrazia di Nü\Città di Nü.md,location
Daragoss.md,01_Lore\Geografia\Magocrazia di Nü\Daragoss.md,location
Giardino degli Dei.md,01_Lore\Geografia\Oasi di Zey\Giardino degli Dei.md,location
La Taverna Sommersa.md,01_Lore\Geografia\Oasi di Zey\La Taverna Sommersa.md,location
Le Mura Invalicabili.md,01_Lore\Geografia\Oasi di Zey\Le Mura Invalicabili.md,location
Piramide del Dio Dimenticato.md,01_Lore\Geografia\Oasi di Zey\Piramide del Dio Dimenticato.md,location
Scuola degli Specchi.md,01_Lore\Geografia\Oasi di Zey\Scuola degli Specchi.md,location
Milford.md,01_Lore\Geografia\Pianure di Xanesh\Milford.md,location
Mubunash.md,01_Lore\Geografia\Pianure di Xanesh\Mubunash.md,location
Forte Arundex.md,01_Lore\Geografia\Valle dei Giganti\Forte Arundex.md,location
Campo Geyser.md,01_Lore\Geografia\Valle Nuvolosa\Campo Geyser.md,location
Ludreq.md,01_Lore\Geografia\Valle Nuvolosa\Ludreq.md,location
Pahr.md,01_Lore\Geografia\Valle Nuvolosa\Pahr.md,location
Selva Infestata di Mysteria.md,01_Lore\Geografia\Valle Nuvolosa\Selva Infestata di Mysteria.md,location
Cancello.md,01_Lore\Geografia\Dominio delle Trame\Città delle Trame\Cancello.md,location
Mercato degli Schiavi.md,01_Lore\Geografia\Dominio delle Trame\Città delle Trame\Mercato degli Schiavi.md,location
Obelisco dei Vinti.md,01_Lore\Geografia\Dominio delle Trame\Città delle Trame\Obelisco dei Vinti.md,location
Piscine.md,01_Lore\Geografia\Dominio delle Trame\Città delle Trame\Piscine.md,location
Reggia dei Piaceri.md,01_Lore\Geografia\Dominio delle Trame\Città delle Trame\Reggia dei Piaceri.md,location
Segrete.md,01_Lore\Geografia\Dominio delle Trame\Città delle Trame\Segrete.md,location
Radura delle Pietre Grigie.md,01_Lore\Geografia\Ducato di Öuin\Landa di Edeber\Radura delle Pietre Grigie.md,location
Locanda degli Eroi.md,01_Lore\Geografia\Ducato di Öuin\Öuin\Locanda degli Eroi.md,location
Molo.md,01_Lore\Geografia\Ducato di Öuin\Öuin\Molo.md,location
Palazzo Ducale.md,01_Lore\Geografia\Ducato di Öuin\Öuin\Palazzo Ducale.md,location
Piazza della Giostra.md,01_Lore\Geografia\Ducato di Öuin\Öuin\Piazza della Giostra.md,location
Ponte Curvo.md,01_Lore\Geografia\Ducato di Öuin\Öuin\Ponte Curvo.md,location
Riposo dei Cavalieri.md,01_Lore\Geografia\Ducato di Öuin\Öuin\Riposo dei Cavalieri.md,location
Sala dei Gran Maestri.md,01_Lore\Geografia\Ducato di Öuin\Öuin\Sala dei Gran Maestri.md,location
Tempio del Cuore e della Mente.md,01_Lore\Geografia\Ducato di Öuin\Öuin\Tempio del Cuore e della Mente.md,location
Aman'Raith.md,01_Lore\Geografia\Favoleggiate Rovine di Gundazar\Gundazar\Aman'Raith.md,location
Il Palazzo Imperiale.md,01_Lore\Geografia\Favoleggiate Rovine di Gundazar\Gundazar\Il Palazzo Imperiale.md,location
La Torre delle Anime.md,01_Lore\Geografia\Favoleggiate Rovine di Gundazar\Gundazar\La Torre delle Anime.md,location
Fiume Dern.md,01_Lore\Geografia\Impero delle Terre Nascoste\Kkyrlamny\Fiume Dern.md,location
Giungla di Erth.md,01_Lore\Geografia\Impero delle Terre Nascoste\Kkyrlamny\Giungla di Erth.md,location
Gloriosa Ezakran.md,01_Lore\Geografia\Impero delle Terre Nascoste\Kkyrlamny\Gloriosa Ezakran.md,location
Hzaad'à.md,01_Lore\Geografia\Impero delle Terre Nascoste\Kkyrlamny\Hzaad'à.md,location
Lago Vurur.md,01_Lore\Geografia\Impero delle Terre Nascoste\Kkyrlamny\Lago Vurur.md,location
Miniere delle Otto Famiglie.md,01_Lore\Geografia\Impero delle Terre Nascoste\Kkyrlamny\Miniere delle Otto Famiglie.md,location
Ynxazvann.md,01_Lore\Geografia\Impero delle Terre Nascoste\Kkyrlamny\Ynxazvann.md,location
Abisso Oscuro.md,01_Lore\Geografia\Impero delle Terre Nascoste\Provincia di Petralta\Abisso Oscuro.md,location
Baia di Redoro.md,01_Lore\Geografia\Impero delle Terre Nascoste\Provincia di Petralta\Baia di Redoro.md,location
Fato di Lyonel.md,01_Lore\Geografia\Impero delle Terre Nascoste\Provincia di Petralta\Fato di Lyonel.md,location
Manor.md,01_Lore\Geografia\Impero delle Terre Nascoste\Provincia di Petralta\Manor.md,location
Petralta.md,01_Lore\Geografia\Impero delle Terre Nascoste\Provincia di Petralta\Petralta.md,location
Giardinetti Lungofiume.md,01_Lore\Geografia\Impero delle Terre Nascoste\Kkyrlamny\Gloriosa Ezakran\Giardinetti Lungofiume.md,location
Palazzo-sfera dell'Imperatore.md,01_Lore\Geografia\Impero delle Terre Nascoste\Kkyrlamny\Gloriosa Ezakran\Palazzo-sfera dell'Imperatore.md,location
Quartiere Hjilaki.md,01_Lore\Geografia\Impero delle Terre Nascoste\Kkyrlamny\Gloriosa Ezakran\Quartiere Hjilaki.md,location
Quartiere Mendus.md,01_Lore\Geografia\Impero delle Terre Nascoste\Kkyrlamny\Gloriosa Ezakran\Quartiere Mendus.md,location
Quartiere Zeyd.md,01_Lore\Geografia\Impero delle Terre Nascoste\Kkyrlamny\Gloriosa Ezakran\Quartiere Zeyd.md,location
Ritrovo dei Dannati.md,01_Lore\Geografia\Impero delle Terre Nascoste\Kkyrlamny\Gloriosa Ezakran\Ritrovo dei Dannati.md,location
Tempio della Luce Nera.md,01_Lore\Geografia\Impero delle Terre Nascoste\Kkyrlamny\Gloriosa Ezakran\Tempio della Luce Nera.md,location
Fiera Avveniristica di Flurr lo Gnomo.md,01_Lore\Geografia\Impero delle Terre Nascoste\Provincia di Petralta\Petralta\Fiera Avveniristica di Flurr lo Gnomo.md,location
I Bianchi Sepolcri.md,01_Lore\Geografia\Impero delle Terre Nascoste\Provincia di Petralta\Petralta\I Bianchi Sepolcri.md,location
Mura di Aeros II.md,01_Lore\Geografia\Impero delle Terre Nascoste\Provincia di Petralta\Petralta\Mura di Aeros II.md,location
Ospedale del Silenzio.md,01_Lore\Geografia\Impero delle Terre Nascoste\Provincia di Petralta\Petralta\Ospedale del Silenzio.md,location
Ostello dei Morti Contenti.md,01_Lore\Geografia\Impero delle Terre Nascoste\Provincia di Petralta\Petralta\Ostello dei Morti Contenti.md,location
Porticato del Governatore.md,01_Lore\Geografia\Impero delle Terre Nascoste\Provincia di Petralta\Petralta\Porticato del Governatore.md,location
Accademia delle Sette Arti.md,01_Lore\Geografia\La Repubblica di Mendulia's Rock\Mendulia's Rock\Accademia delle Sette Arti.md,location
Banco del Mare.md,01_Lore\Geografia\La Repubblica di Mendulia's Rock\Mendulia's Rock\Banco del Mare.md,location
Base della Marina.md,01_Lore\Geografia\La Repubblica di Mendulia's Rock\Mendulia's Rock\Base della Marina.md,location
Bassifondi.md,01_Lore\Geografia\La Repubblica di Mendulia's Rock\Mendulia's Rock\Bassifondi.md,location
Corporazione delle Arti.md,01_Lore\Geografia\La Repubblica di Mendulia's Rock\Mendulia's Rock\Corporazione delle Arti.md,location
Ippodromo.md,01_Lore\Geografia\La Repubblica di Mendulia's Rock\Mendulia's Rock\Ippodromo.md,location
Molo degli Stendardi.md,01_Lore\Geografia\La Repubblica di Mendulia's Rock\Mendulia's Rock\Molo degli Stendardi.md,location
Rifugio dei Marinai.md,01_Lore\Geografia\La Repubblica di Mendulia's Rock\Mendulia's Rock\Rifugio dei Marinai.md,location
Rupe di Mendulia.md,01_Lore\Geografia\La Repubblica di Mendulia's Rock\Mendulia's Rock\Rupe di Mendulia.md,location
Scuola delle Parole che Uccidono.md,01_Lore\Geografia\La Repubblica di Mendulia's Rock\Mendulia's Rock\Scuola delle Parole che Uccidono.md,location
Tana delle Sguattere.md,01_Lore\Geografia\La Repubblica di Mendulia's Rock\Mendulia's Rock\Tana delle Sguattere.md,location
Teatro dei Sogni.md,01_Lore\Geografia\La Repubblica di Mendulia's Rock\Mendulia's Rock\Teatro dei Sogni.md,location
Tempio della Guarigione.md,01_Lore\Geografia\La Repubblica di Mendulia's Rock\Mendulia's Rock\Tempio della Guarigione.md,location
Biblioteca di Azkabel.md,01_Lore\Geografia\Magocrazia di Nü\Azkabel\Biblioteca di Azkabel.md,location
Casa dei Musici e delle Belle Arti.md,01_Lore\Geografia\Magocrazia di Nü\Azkabel\Casa dei Musici e delle Belle Arti.md,location
Osteria dell'Onda Infranta.md,01_Lore\Geografia\Magocrazia di Nü\Azkabel\Osteria dell'Onda Infranta.md,location
Accademia Magica di Nü.md,01_Lore\Geografia\Magocrazia di Nü\Città di Nü\Accademia Magica di Nü.md,location
Locanda della Pergamena Annacquata.md,01_Lore\Geografia\Magocrazia di Nü\Città di Nü\Locanda della Pergamena Annacquata.md,location
Locanda delle Spade Incantate.md,01_Lore\Geografia\Magocrazia di Nü\Città di Nü\Locanda delle Spade Incantate.md,location
Torre dei Segreti.md,01_Lore\Geografia\Magocrazia di Nü\Città di Nü\Torre dei Segreti.md,location
Caserma delle Mille Lance.md,01_Lore\Geografia\Magocrazia di Nü\Daragoss\Caserma delle Mille Lance.md,location
Grande Porto.md,01_Lore\Geografia\Magocrazia di Nü\Daragoss\Grande Porto.md,location
Museo Naturale.md,01_Lore\Geografia\Magocrazia di Nü\Daragoss\Museo Naturale.md,location
Università delle Scienze.md,01_Lore\Geografia\Magocrazia di Nü\Daragoss\Università delle Scienze.md,location
Via delle Botteghe.md,01_Lore\Geografia\Magocrazia di Nü\Daragoss\Via delle Botteghe.md,location
Fortino del Conte.md,01_Lore\Geografia\Pianure di Xanesh\Milford\Fortino del Conte.md,location
Locanda dell'Eterno Riposo.md,01_Lore\Geografia\Pianure di Xanesh\Milford\Locanda dell'Eterno Riposo.md,location
Corporazione degli Archivisti.md,01_Lore\Geografia\Pianure di Xanesh\Mubunash\Corporazione degli Archivisti.md,location
Locanda del Cappuccio Nero.md,01_Lore\Geografia\Pianure di Xanesh\Mubunash\Locanda del Cappuccio Nero.md,location
Monteforte.md,01_Lore\Geografia\Pianure di Xanesh\Mubunash\Monteforte.md,location
Oscura Chiesa di Tenebris.md,01_Lore\Geografia\Pianure di Xanesh\Mubunash\Oscura Chiesa di Tenebris.md,location
Tempietto degli Ospedalieri.md,01_Lore\Geografia\Pianure di Xanesh\Mubunash\Tempietto degli Ospedalieri.md,location
Terme Imperiali.md,01_Lore\Geografia\Pianure di Xanesh\Mubunash\Terme Imperiali.md,location
Torre Baronale.md,01_Lore\Geografia\Pianure di Xanesh\Mubunash\Torre Baronale.md,location
Via degli Imperatori.md,01_Lore\Geografia\Pianure di Xanesh\Mubunash\Via degli Imperatori.md,location
Antro dei Lupi d'Inverno.md,01_Lore\Geografia\Valle dei Giganti\Forte Arundex\Antro dei Lupi d'Inverno.md,location
Arena delle Belve.md,01_Lore\Geografia\Valle dei Giganti\Forte Arundex\Arena delle Belve.md,location
Bastione Grigio.md,01_Lore\Geografia\Valle dei Giganti\Forte Arundex\Bastione Grigio.md,location
Guarnigione del Simbolo Guerriero.md,01_Lore\Geografia\Valle dei Giganti\Forte Arundex\Guarnigione del Simbolo Guerriero.md,location
Lago delle Quattro Braccia.md,01_Lore\Geografia\Valle dei Giganti\Forte Arundex\Lago delle Quattro Braccia.md,location
Tempio degli Antenati.md,01_Lore\Geografia\Valle dei Giganti\Forte Arundex\Tempio degli Antenati.md,location
Bastione del Principe.md,01_Lore\Geografia\Valle Nuvolosa\Ludreq\Bastione del Principe.md,location
Birreria dei Thunder.md,01_Lore\Geografia\Valle Nuvolosa\Ludreq\Birreria dei Thunder.md,location
Collegio.md,01_Lore\Geografia\Valle Nuvolosa\Ludreq\Collegio.md,location
Fonderia del Principe.md,01_Lore\Geografia\Valle Nuvolosa\Ludreq\Fonderia del Principe.md,location
Fondo di Guldann.md,01_Lore\Geografia\Valle Nuvolosa\Ludreq\Fondo di Guldann.md,location
Fortezza degli Scudi.md,01_Lore\Geografia\Valle Nuvolosa\Ludreq\Fortezza degli Scudi.md,location
Santuario di Fadranstaff.md,01_Lore\Geografia\Valle Nuvolosa\Ludreq\Santuario di Fadranstaff.md,location
Abandoned Grove.md,02_Meccaniche_DaggerHeart\Ambienti\Abandoned Grove.md,environment
Ambushed.md,02_Meccaniche_DaggerHeart\Ambienti\Ambushed.md,environment
Ambushers.md,02_Meccaniche_DaggerHeart\Ambienti\Ambushers.md,environment
Burning Heart of the Woods.md,02_Meccaniche_DaggerHeart\Ambienti\Burning Heart of the Woods.md,environment
Bustling Marketplace.md,02_Meccaniche_DaggerHeart\Ambienti\Bustling Marketplace.md,environment
Castle Siege.md,02_Meccaniche_DaggerHeart\Ambienti\Castle Siege.md,environment
Chaos Realm.md,02_Meccaniche_DaggerHeart\Ambienti\Chaos Realm.md,environment
Cliffside Ascent.md,02_Meccaniche_DaggerHeart\Ambienti\Cliffside Ascent.md,environment
Cult Ritual.md,02_Meccaniche_DaggerHeart\Ambienti\Cult Ritual.md,environment
Divine Usurpation.md,02_Meccaniche_DaggerHeart\Ambienti\Divine Usurpation.md,environment
Hallowed Temple.md,02_Meccaniche_DaggerHeart\Ambienti\Hallowed Temple.md,environment
Haunted City.md,02_Meccaniche_DaggerHeart\Ambienti\Haunted City.md,environment
Imperial Court.md,02_Meccaniche_DaggerHeart\Ambienti\Imperial Court.md,environment
Local Tavern.md,02_Meccaniche_DaggerHeart\Ambienti\Local Tavern.md,environment
Mountain Pass.md,02_Meccaniche_DaggerHeart\Ambienti\Mountain Pass.md,environment
Necromancers Ossuary.md,02_Meccaniche_DaggerHeart\Ambienti\Necromancers Ossuary.md,environment
Outpost Town.md,02_Meccaniche_DaggerHeart\Ambienti\Outpost Town.md,environment
Pitched Battle.md,02_Meccaniche_DaggerHeart\Ambienti\Pitched Battle.md,environment
Raging River.md,02_Meccaniche_DaggerHeart\Ambienti\Raging River.md,environment
Advanced Chainmail Armor.md,02_Meccaniche_DaggerHeart\Armature\Advanced Chainmail Armor.md,armor
Advanced Full Plate Armor.md,02_Meccaniche_DaggerHeart\Armature\Advanced Full Plate Armor.md,armor
Advanced Gambeson Armor.md,02_Meccaniche_DaggerHeart\Armature\Advanced Gambeson Armor.md,armor
Advanced Leather Armor.md,02_Meccaniche_DaggerHeart\Armature\Advanced Leather Armor.md,armor
Bellamoi Fine Armor.md,02_Meccaniche_DaggerHeart\Armature\Bellamoi Fine Armor.md,armor
Bladefare Armor.md,02_Meccaniche_DaggerHeart\Armature\Bladefare Armor.md,armor
Chainmail Armor.md,02_Meccaniche_DaggerHeart\Armature\Chainmail Armor.md,armor
Channeling Armor.md,02_Meccaniche_DaggerHeart\Armature\Channeling Armor.md,armor
Dragonscale Armor.md,02_Meccaniche_DaggerHeart\Armature\Dragonscale Armor.md,armor
Dunamis Silkchain.md,02_Meccaniche_DaggerHeart\Armature\Dunamis Silkchain.md,armor
Elundrian Chain Armor.md,02_Meccaniche_DaggerHeart\Armature\Elundrian Chain Armor.md,armor
Emberwoven Armor.md,02_Meccaniche_DaggerHeart\Armature\Emberwoven Armor.md,armor
Full Fortified Armor.md,02_Meccaniche_DaggerHeart\Armature\Full Fortified Armor.md,armor
Full Plate Armor.md,02_Meccaniche_DaggerHeart\Armature\Full Plate Armor.md,armor
Gambeson Armor.md,02_Meccaniche_DaggerHeart\Armature\Gambeson Armor.md,armor
Harrowbone Armor.md,02_Meccaniche_DaggerHeart\Armature\Harrowbone Armor.md,armor
Improved Chainmail Armor.md,02_Meccaniche_DaggerHeart\Armature\Improved Chainmail Armor.md,armor
Improved Full Plate Armor.md,02_Meccaniche_DaggerHeart\Armature\Improved Full Plate Armor.md,armor
Improved Gambeson Armor.md,02_Meccaniche_DaggerHeart\Armature\Improved Gambeson Armor.md,armor
Improved Leather Armor.md,02_Meccaniche_DaggerHeart\Armature\Improved Leather Armor.md,armor
Irontree Breastplate Armor.md,02_Meccaniche_DaggerHeart\Armature\Irontree Breastplate Armor.md,armor
Leather Armor.md,02_Meccaniche_DaggerHeart\Armature\Leather Armor.md,armor
Legendary Chainmail Armor.md,02_Meccaniche_DaggerHeart\Armature\Legendary Chainmail Armor.md,armor
Legendary Full Plate Armor.md,02_Meccaniche_DaggerHeart\Armature\Legendary Full Plate Armor.md,armor
Legendary Gambeson Armor.md,02_Meccaniche_DaggerHeart\Armature\Legendary Gambeson Armor.md,armor
Legendary Leather Armor.md,02_Meccaniche_DaggerHeart\Armature\Legendary Leather Armor.md,armor
Monetts Cloak.md,02_Meccaniche_DaggerHeart\Armature\Monetts Cloak.md,armor
Rosewild Armor.md,02_Meccaniche_DaggerHeart\Armature\Rosewild Armor.md,armor
Runes of Fortification.md,02_Meccaniche_DaggerHeart\Armature\Runes of Fortification.md,armor
Runetan Floating Armor.md,02_Meccaniche_DaggerHeart\Armature\Runetan Floating Armor.md,armor
Savior Chainmail.md,02_Meccaniche_DaggerHeart\Armature\Savior Chainmail.md,armor
Spiked Plate Armor.md,02_Meccaniche_DaggerHeart\Armature\Spiked Plate Armor.md,armor
Tyris Soft Armor.md,02_Meccaniche_DaggerHeart\Armature\Tyris Soft Armor.md,armor
Veritas Opal Armor.md,02_Meccaniche_DaggerHeart\Armature\Veritas Opal Armor.md,armor
Aantari Bow.md,02_Meccaniche_DaggerHeart\Armi\Aantari Bow.md,weapon
Advanced Arcane Gauntlets.md,02_Meccaniche_DaggerHeart\Armi\Advanced Arcane Gauntlets.md,weapon
Advanced Battleaxe.md,02_Meccaniche_DaggerHeart\Armi\Advanced Battleaxe.md,weapon
Advanced Broadsword.md,02_Meccaniche_DaggerHeart\Armi\Advanced Broadsword.md,weapon
Advanced Crossbow.md,02_Meccaniche_DaggerHeart\Armi\Advanced Crossbow.md,weapon
Advanced Cutlass.md,02_Meccaniche_DaggerHeart\Armi\Advanced Cutlass.md,weapon
Advanced Dagger.md,02_Meccaniche_DaggerHeart\Armi\Advanced Dagger.md,weapon
Advanced Dualstaff.md,02_Meccaniche_DaggerHeart\Armi\Advanced Dualstaff.md,weapon
Advanced Glowing Rings.md,02_Meccaniche_DaggerHeart\Armi\Advanced Glowing Rings.md,weapon
Advanced Grappler.md,02_Meccaniche_DaggerHeart\Armi\Advanced Grappler.md,weapon
Advanced Greatstaff.md,02_Meccaniche_DaggerHeart\Armi\Advanced Greatstaff.md,weapon
Advanced Greatsword.md,02_Meccaniche_DaggerHeart\Armi\Advanced Greatsword.md,weapon
Advanced Halberd.md,02_Meccaniche_DaggerHeart\Armi\Advanced Halberd.md,weapon
Advanced Hallowed Axe.md,02_Meccaniche_DaggerHeart\Armi\Advanced Hallowed Axe.md,weapon
Advanced Hand Crossbow.md,02_Meccaniche_DaggerHeart\Armi\Advanced Hand Crossbow.md,weapon
Advanced Hand Runes.md,02_Meccaniche_DaggerHeart\Armi\Advanced Hand Runes.md,weapon
Advanced Longbow.md,02_Meccaniche_DaggerHeart\Armi\Advanced Longbow.md,weapon
Advanced Longsword.md,02_Meccaniche_DaggerHeart\Armi\Advanced Longsword.md,weapon
Advanced Mace.md,02_Meccaniche_DaggerHeart\Armi\Advanced Mace.md,weapon
Advanced Quarterstaff.md,02_Meccaniche_DaggerHeart\Armi\Advanced Quarterstaff.md,weapon
Advanced Rapier.md,02_Meccaniche_DaggerHeart\Armi\Advanced Rapier.md,weapon
Advanced Returning Blade.md,02_Meccaniche_DaggerHeart\Armi\Advanced Returning Blade.md,weapon
Advanced Round Shield.md,02_Meccaniche_DaggerHeart\Armi\Advanced Round Shield.md,weapon
Advanced Scepter.md,02_Meccaniche_DaggerHeart\Armi\Advanced Scepter.md,weapon
Advanced Shortbow.md,02_Meccaniche_DaggerHeart\Armi\Advanced Shortbow.md,weapon
Advanced Shortstaff.md,02_Meccaniche_DaggerHeart\Armi\Advanced Shortstaff.md,weapon
Advanced Shortsword.md,02_Meccaniche_DaggerHeart\Armi\Advanced Shortsword.md,weapon
Advanced Small Dagger.md,02_Meccaniche_DaggerHeart\Armi\Advanced Small Dagger.md,weapon
Advanced Spear.md,02_Meccaniche_DaggerHeart\Armi\Advanced Spear.md,weapon
Advanced Tower Shield.md,02_Meccaniche_DaggerHeart\Armi\Advanced Tower Shield.md,weapon
Advanced Wand.md,02_Meccaniche_DaggerHeart\Armi\Advanced Wand.md,weapon
Advanced Warhammer.md,02_Meccaniche_DaggerHeart\Armi\Advanced Warhammer.md,weapon
Advanced Whip.md,02_Meccaniche_DaggerHeart\Armi\Advanced Whip.md,weapon
Arcane Gauntlets.md,02_Meccaniche_DaggerHeart\Armi\Arcane Gauntlets.md,weapon
Axe of Fortunis.md,02_Meccaniche_DaggerHeart\Armi\Axe of Fortunis.md,weapon
Battleaxe.md,02_Meccaniche_DaggerHeart\Armi\Battleaxe.md,weapon
Black Powder Revolver.md,02_Meccaniche_DaggerHeart\Armi\Black Powder Revolver.md,weapon
Bladed Whip.md,02_Meccaniche_DaggerHeart\Armi\Bladed Whip.md,weapon
Blessed Anlace.md,02_Meccaniche_DaggerHeart\Armi\Blessed Anlace.md,weapon
Bloodstaff.md,02_Meccaniche_DaggerHeart\Armi\Bloodstaff.md,weapon
Blunderbuss.md,02_Meccaniche_DaggerHeart\Armi\Blunderbuss.md,weapon
Braveshield.md,02_Meccaniche_DaggerHeart\Armi\Braveshield.md,weapon
Bravesword.md,02_Meccaniche_DaggerHeart\Armi\Bravesword.md,weapon
Broadsword.md,02_Meccaniche_DaggerHeart\Armi\Broadsword.md,weapon
Buckler.md,02_Meccaniche_DaggerHeart\Armi\Buckler.md,weapon
Casting Sword.md,02_Meccaniche_DaggerHeart\Armi\Casting Sword.md,weapon
Crossbow.md,02_Meccaniche_DaggerHeart\Armi\Crossbow.md,weapon
Curved Dagger.md,02_Meccaniche_DaggerHeart\Armi\Curved Dagger.md,weapon
Cutlass.md,02_Meccaniche_DaggerHeart\Armi\Cutlass.md,weapon
Dagger.md,02_Meccaniche_DaggerHeart\Armi\Dagger.md,weapon
Devouring Dagger.md,02_Meccaniche_DaggerHeart\Armi\Devouring Dagger.md,weapon
Double Flail.md,02_Meccaniche_DaggerHeart\Armi\Double Flail.md,weapon
Dual-Ended Sword.md,02_Meccaniche_DaggerHeart\Armi\Dual-Ended Sword.md,weapon
Dualstaff.md,02_Meccaniche_DaggerHeart\Armi\Dualstaff.md,weapon
Ego Blade.md,02_Meccaniche_DaggerHeart\Armi\Ego Blade.md,weapon
Elder Bow.md,02_Meccaniche_DaggerHeart\Armi\Elder Bow.md,weapon
Extended Polearm.md,02_Meccaniche_DaggerHeart\Armi\Extended Polearm.md,weapon
Finehair Bow.md,02_Meccaniche_DaggerHeart\Armi\Finehair Bow.md,weapon
Firestaff.md,02_Meccaniche_DaggerHeart\Armi\Firestaff.md,weapon
Flickerfly Blade.md,02_Meccaniche_DaggerHeart\Armi\Flickerfly Blade.md,weapon
Floating Bladeshards.md,02_Meccaniche_DaggerHeart\Armi\Floating Bladeshards.md,weapon
Fusion Gloves.md,02_Meccaniche_DaggerHeart\Armi\Fusion Gloves.md,weapon
Ghostblade.md,02_Meccaniche_DaggerHeart\Armi\Ghostblade.md,weapon
Gilded Bow.md,02_Meccaniche_DaggerHeart\Armi\Gilded Bow.md,weapon
Gilded Falchion.md,02_Meccaniche_DaggerHeart\Armi\Gilded Falchion.md,weapon
Glowing Rings.md,02_Meccaniche_DaggerHeart\Armi\Glowing Rings.md,weapon
Grappler.md,02_Meccaniche_DaggerHeart\Armi\Grappler.md,weapon
Greatbow.md,02_Meccaniche_DaggerHeart\Armi\Greatbow.md,weapon
Greatstaff.md,02_Meccaniche_DaggerHeart\Armi\Greatstaff.md,weapon
Greatsword.md,02_Meccaniche_DaggerHeart\Armi\Greatsword.md,weapon
Halberd.md,02_Meccaniche_DaggerHeart\Armi\Halberd.md,weapon
Hallowed Axe.md,02_Meccaniche_DaggerHeart\Armi\Hallowed Axe.md,weapon
Hammer of Exota.md,02_Meccaniche_DaggerHeart\Armi\Hammer of Exota.md,weapon
Hammer of Wrath.md,02_Meccaniche_DaggerHeart\Armi\Hammer of Wrath.md,weapon
Hand Cannon.md,02_Meccaniche_DaggerHeart\Armi\Hand Cannon.md,weapon
Hand Crossbow.md,02_Meccaniche_DaggerHeart\Armi\Hand Crossbow.md,weapon
Hand Runes.md,02_Meccaniche_DaggerHeart\Armi\Hand Runes.md,weapon
Hand Sling.md,02_Meccaniche_DaggerHeart\Armi\Hand Sling.md,weapon
Ilmaris Rifle.md,02_Meccaniche_DaggerHeart\Armi\Ilmaris Rifle.md,weapon
Impact Gauntlet.md,02_Meccaniche_DaggerHeart\Armi\Impact Gauntlet.md,weapon
Improved Arcane Gauntlets.md,02_Meccaniche_DaggerHeart\Armi\Improved Arcane Gauntlets.md,weapon
Improved Battleaxe.md,02_Meccaniche_DaggerHeart\Armi\Improved Battleaxe.md,weapon
Improved Broadsword.md,02_Meccaniche_DaggerHeart\Armi\Improved Broadsword.md,weapon
Improved Crossbow.md,02_Meccaniche_DaggerHeart\Armi\Improved Crossbow.md,weapon
Improved Cutlass.md,02_Meccaniche_DaggerHeart\Armi\Improved Cutlass.md,weapon
Improved Dagger.md,02_Meccaniche_DaggerHeart\Armi\Improved Dagger.md,weapon
Improved Dualstaff.md,02_Meccaniche_DaggerHeart\Armi\Improved Dualstaff.md,weapon
Improved Glowing Rings.md,02_Meccaniche_DaggerHeart\Armi\Improved Glowing Rings.md,weapon
Improved Grappler.md,02_Meccaniche_DaggerHeart\Armi\Improved Grappler.md,weapon
Improved Greatstaff.md,02_Meccaniche_DaggerHeart\Armi\Improved Greatstaff.md,weapon
Improved Greatsword.md,02_Meccaniche_DaggerHeart\Armi\Improved Greatsword.md,weapon
Improved Halberd.md,02_Meccaniche_DaggerHeart\Armi\Improved Halberd.md,weapon
Improved Hallowed Axe.md,02_Meccaniche_DaggerHeart\Armi\Improved Hallowed Axe.md,weapon
Improved Hand Crossbow.md,02_Meccaniche_DaggerHeart\Armi\Improved Hand Crossbow.md,weapon
Improved Hand Runes.md,02_Meccaniche_DaggerHeart\Armi\Improved Hand Runes.md,weapon
Improved Longbow.md,02_Meccaniche_DaggerHeart\Armi\Improved Longbow.md,weapon
Improved Longsword.md,02_Meccaniche_DaggerHeart\Armi\Improved Longsword.md,weapon
Improved Mace.md,02_Meccaniche_DaggerHeart\Armi\Improved Mace.md,weapon
Improved Quarterstaff.md,02_Meccaniche_DaggerHeart\Armi\Improved Quarterstaff.md,weapon
Improved Rapier.md,02_Meccaniche_DaggerHeart\Armi\Improved Rapier.md,weapon
Improved Returning Blade.md,02_Meccaniche_DaggerHeart\Armi\Improved Returning Blade.md,weapon
Improved Round Shield.md,02_Meccaniche_DaggerHeart\Armi\Improved Round Shield.md,weapon
Improved Scepter.md,02_Meccaniche_DaggerHeart\Armi\Improved Scepter.md,weapon
Improved Shortbow.md,02_Meccaniche_DaggerHeart\Armi\Improved Shortbow.md,weapon
Improved Shortstaff.md,02_Meccaniche_DaggerHeart\Armi\Improved Shortstaff.md,weapon
Improved Shortsword.md,02_Meccaniche_DaggerHeart\Armi\Improved Shortsword.md,weapon
Improved Small Dagger.md,02_Meccaniche_DaggerHeart\Armi\Improved Small Dagger.md,weapon
Improved Spear.md,02_Meccaniche_DaggerHeart\Armi\Improved Spear.md,weapon
Improved Tower Shield.md,02_Meccaniche_DaggerHeart\Armi\Improved Tower Shield.md,weapon
Improved Wand.md,02_Meccaniche_DaggerHeart\Armi\Improved Wand.md,weapon
Improved Warhammer.md,02_Meccaniche_DaggerHeart\Armi\Improved Warhammer.md,weapon
Improved Whip.md,02_Meccaniche_DaggerHeart\Armi\Improved Whip.md,weapon
Keepers Staff.md,02_Meccaniche_DaggerHeart\Armi\Keepers Staff.md,weapon
Knuckle Blades.md,02_Meccaniche_DaggerHeart\Armi\Knuckle Blades.md,weapon
Knuckle Claws.md,02_Meccaniche_DaggerHeart\Armi\Knuckle Claws.md,weapon
Labrys Axe.md,02_Meccaniche_DaggerHeart\Armi\Labrys Axe.md,weapon
Legendary Arcane Gauntlets.md,02_Meccaniche_DaggerHeart\Armi\Legendary Arcane Gauntlets.md,weapon
Legendary Battleaxe.md,02_Meccaniche_DaggerHeart\Armi\Legendary Battleaxe.md,weapon
Legendary Broadsword.md,02_Meccaniche_DaggerHeart\Armi\Legendary Broadsword.md,weapon
Legendary Crossbow.md,02_Meccaniche_DaggerHeart\Armi\Legendary Crossbow.md,weapon
Legendary Cutlass.md,02_Meccaniche_DaggerHeart\Armi\Legendary Cutlass.md,weapon
Legendary Dagger.md,02_Meccaniche_DaggerHeart\Armi\Legendary Dagger.md,weapon
Legendary Dualstaff.md,02_Meccaniche_DaggerHeart\Armi\Legendary Dualstaff.md,weapon
Legendary Glowing Rings.md,02_Meccaniche_DaggerHeart\Armi\Legendary Glowing Rings.md,weapon
Legendary Grappler.md,02_Meccaniche_DaggerHeart\Armi\Legendary Grappler.md,weapon
Legendary Greatstaff.md,02_Meccaniche_DaggerHeart\Armi\Legendary Greatstaff.md,weapon
Legendary Greatsword.md,02_Meccaniche_DaggerHeart\Armi\Legendary Greatsword.md,weapon
Legendary Halberd.md,02_Meccaniche_DaggerHeart\Armi\Legendary Halberd.md,weapon
Legendary Hallowed Axe.md,02_Meccaniche_DaggerHeart\Armi\Legendary Hallowed Axe.md,weapon
Legendary Hand Crossbow.md,02_Meccaniche_DaggerHeart\Armi\Legendary Hand Crossbow.md,weapon
Legendary Hand Runes.md,02_Meccaniche_DaggerHeart\Armi\Legendary Hand Runes.md,weapon
Legendary Longbow.md,02_Meccaniche_DaggerHeart\Armi\Legendary Longbow.md,weapon
Legendary Longsword.md,02_Meccaniche_DaggerHeart\Armi\Legendary Longsword.md,weapon
Legendary Mace.md,02_Meccaniche_DaggerHeart\Armi\Legendary Mace.md,weapon
Legendary Quarterstaff.md,02_Meccaniche_DaggerHeart\Armi\Legendary Quarterstaff.md,weapon
Legendary Rapier.md,02_Meccaniche_DaggerHeart\Armi\Legendary Rapier.md,weapon
Legendary Returning Blade.md,02_Meccaniche_DaggerHeart\Armi\Legendary Returning Blade.md,weapon
Legendary Round Shield.md,02_Meccaniche_DaggerHeart\Armi\Legendary Round Shield.md,weapon
Legendary Scepter.md,02_Meccaniche_DaggerHeart\Armi\Legendary Scepter.md,weapon
Legendary Shortbow.md,02_Meccaniche_DaggerHeart\Armi\Legendary Shortbow.md,weapon
Legendary Shortstaff.md,02_Meccaniche_DaggerHeart\Armi\Legendary Shortstaff.md,weapon
Legendary Shortsword.md,02_Meccaniche_DaggerHeart\Armi\Legendary Shortsword.md,weapon
Legendary Small Dagger.md,02_Meccaniche_DaggerHeart\Armi\Legendary Small Dagger.md,weapon
Legendary Spear.md,02_Meccaniche_DaggerHeart\Armi\Legendary Spear.md,weapon
Legendary Tower Shield.md,02_Meccaniche_DaggerHeart\Armi\Legendary Tower Shield.md,weapon
Legendary Wand.md,02_Meccaniche_DaggerHeart\Armi\Legendary Wand.md,weapon
Legendary Warhammer.md,02_Meccaniche_DaggerHeart\Armi\Legendary Warhammer.md,weapon
Legendary Whip.md,02_Meccaniche_DaggerHeart\Armi\Legendary Whip.md,weapon
Longbow.md,02_Meccaniche_DaggerHeart\Armi\Longbow.md,weapon
Longsword.md,02_Meccaniche_DaggerHeart\Armi\Longsword.md,weapon
Mace.md,02_Meccaniche_DaggerHeart\Armi\Mace.md,weapon
Mage Orb.md,02_Meccaniche_DaggerHeart\Armi\Mage Orb.md,weapon
Magus Revolver.md,02_Meccaniche_DaggerHeart\Armi\Magus Revolver.md,weapon
Meridian Cutlass.md,02_Meccaniche_DaggerHeart\Armi\Meridian Cutlass.md,weapon
Midas Scythe.md,02_Meccaniche_DaggerHeart\Armi\Midas Scythe.md,weapon
Parrying Dagger.md,02_Meccaniche_DaggerHeart\Armi\Parrying Dagger.md,weapon
Powered Gauntlet.md,02_Meccaniche_DaggerHeart\Armi\Powered Gauntlet.md,weapon
Primer Shard.md,02_Meccaniche_DaggerHeart\Armi\Primer Shard.md,weapon
Quarterstaff.md,02_Meccaniche_DaggerHeart\Armi\Quarterstaff.md,weapon
Rapier.md,02_Meccaniche_DaggerHeart\Armi\Rapier.md,weapon
Retractable Saber.md,02_Meccaniche_DaggerHeart\Armi\Retractable Saber.md,weapon
Returning Axe.md,02_Meccaniche_DaggerHeart\Armi\Returning Axe.md,weapon
Returning Blade.md,02_Meccaniche_DaggerHeart\Armi\Returning Blade.md,weapon
Ricochet Axes.md,02_Meccaniche_DaggerHeart\Armi\Ricochet Axes.md,weapon
Round Shield.md,02_Meccaniche_DaggerHeart\Armi\Round Shield.md,weapon
Runes of Ruination.md,02_Meccaniche_DaggerHeart\Armi\Runes of Ruination.md,weapon
Scepter of Elias.md,02_Meccaniche_DaggerHeart\Armi\Scepter of Elias.md,weapon
Scepter.md,02_Meccaniche_DaggerHeart\Armi\Scepter.md,weapon
Shortbow.md,02_Meccaniche_DaggerHeart\Armi\Shortbow.md,weapon
Shortstaff.md,02_Meccaniche_DaggerHeart\Armi\Shortstaff.md,weapon
Shortsword.md,02_Meccaniche_DaggerHeart\Armi\Shortsword.md,weapon
Siphoning Gauntlets.md,02_Meccaniche_DaggerHeart\Armi\Siphoning Gauntlets.md,weapon
Sledge Axe.md,02_Meccaniche_DaggerHeart\Armi\Sledge Axe.md,weapon
Small Dagger.md,02_Meccaniche_DaggerHeart\Armi\Small Dagger.md,weapon
Spear.md,02_Meccaniche_DaggerHeart\Armi\Spear.md,weapon
Spiked Bow.md,02_Meccaniche_DaggerHeart\Armi\Spiked Bow.md,weapon
Spiked Shield.md,02_Meccaniche_DaggerHeart\Armi\Spiked Shield.md,weapon
Steelforged Halberd.md,02_Meccaniche_DaggerHeart\Armi\Steelforged Halberd.md,weapon
Swinging Ropeblade.md,02_Meccaniche_DaggerHeart\Armi\Swinging Ropeblade.md,weapon
Sword of Light and Flame.md,02_Meccaniche_DaggerHeart\Armi\Sword of Light and Flame.md,weapon
Talon Blades.md,02_Meccaniche_DaggerHeart\Armi\Talon Blades.md,weapon
Thistlebow.md,02_Meccaniche_DaggerHeart\Armi\Thistlebow.md,weapon
Tower Shield.md,02_Meccaniche_DaggerHeart\Armi\Tower Shield.md,weapon
Urok Broadsword.md,02_Meccaniche_DaggerHeart\Armi\Urok Broadsword.md,weapon
Wand of Enthrallment.md,02_Meccaniche_DaggerHeart\Armi\Wand of Enthrallment.md,weapon
Wand of Essek.md,02_Meccaniche_DaggerHeart\Armi\Wand of Essek.md,weapon
Wand.md,02_Meccaniche_DaggerHeart\Armi\Wand.md,weapon
War Scythe.md,02_Meccaniche_DaggerHeart\Armi\War Scythe.md,weapon
Warhammer.md,02_Meccaniche_DaggerHeart\Armi\Warhammer.md,weapon
Whip.md,02_Meccaniche_DaggerHeart\Armi\Whip.md,weapon
Widogast Pendant.md,02_Meccaniche_DaggerHeart\Armi\Widogast Pendant.md,weapon
Yutari Bloodbow.md,02_Meccaniche_DaggerHeart\Armi\Yutari Bloodbow.md,weapon
Archivista.md,02_Meccaniche_DaggerHeart\Comunità\Archivista.md,community
Background.md,02_Meccaniche_DaggerHeart\Comunità\Background.md,community
Cacciatore di Meteore.md,02_Meccaniche_DaggerHeart\Comunità\Cacciatore di Meteore.md,community
Dardo Sanguinante.md,02_Meccaniche_DaggerHeart\Comunità\Dardo Sanguinante.md,community
Highborne.md,02_Meccaniche_DaggerHeart\Comunità\Highborne.md,community
Loreborne.md,02_Meccaniche_DaggerHeart\Comunità\Loreborne.md,community
Mare Andante.md,02_Meccaniche_DaggerHeart\Comunità\Mare Andante.md,community
Orderborne.md,02_Meccaniche_DaggerHeart\Comunità\Orderborne.md,community
Ridgeborne.md,02_Meccaniche_DaggerHeart\Comunità\Ridgeborne.md,community
Seaborne.md,02_Meccaniche_DaggerHeart\Comunità\Seaborne.md,community
Slyborne.md,02_Meccaniche_DaggerHeart\Comunità\Slyborne.md,community
Underborne.md,02_Meccaniche_DaggerHeart\Comunità\Underborne.md,community
Wanderborne.md,02_Meccaniche_DaggerHeart\Comunità\Wanderborne.md,community
Wildborne.md,02_Meccaniche_DaggerHeart\Comunità\Wildborne.md,community
Acidpaste.md,02_Meccaniche_DaggerHeart\Consumabili\Acidpaste.md,consumable
Armor Stitcher.md,02_Meccaniche_DaggerHeart\Consumabili\Armor Stitcher.md,consumable
Attune Potion.md,02_Meccaniche_DaggerHeart\Consumabili\Attune Potion.md,consumable
Blinding Orb.md,02_Meccaniche_DaggerHeart\Consumabili\Blinding Orb.md,consumable
Blood of the Yorgi.md,02_Meccaniche_DaggerHeart\Consumabili\Blood of the Yorgi.md,consumable
Bolster Potion.md,02_Meccaniche_DaggerHeart\Consumabili\Bolster Potion.md,consumable
Bonding Honey.md,02_Meccaniche_DaggerHeart\Consumabili\Bonding Honey.md,consumable
Bridge Seed.md,02_Meccaniche_DaggerHeart\Consumabili\Bridge Seed.md,consumable
Channelstone.md,02_Meccaniche_DaggerHeart\Consumabili\Channelstone.md,consumable
Charm Potion.md,02_Meccaniche_DaggerHeart\Consumabili\Charm Potion.md,consumable
Circle of the Void.md,02_Meccaniche_DaggerHeart\Consumabili\Circle of the Void.md,consumable
Control Potion.md,02_Meccaniche_DaggerHeart\Consumabili\Control Potion.md,consumable
Death Tea.md,02_Meccaniche_DaggerHeart\Consumabili\Death Tea.md,consumable
Dragonbloom Tea.md,02_Meccaniche_DaggerHeart\Consumabili\Dragonbloom Tea.md,consumable
Dripfang Poison.md,02_Meccaniche_DaggerHeart\Consumabili\Dripfang Poison.md,consumable
Enlighten Potion.md,02_Meccaniche_DaggerHeart\Consumabili\Enlighten Potion.md,consumable
Feast of Xuria.md,02_Meccaniche_DaggerHeart\Consumabili\Feast of Xuria.md,consumable
Featherbone.md,02_Meccaniche_DaggerHeart\Consumabili\Featherbone.md,consumable
Gill Salve.md,02_Meccaniche_DaggerHeart\Consumabili\Gill Salve.md,consumable
Grindletooth Venom.md,02_Meccaniche_DaggerHeart\Consumabili\Grindletooth Venom.md,consumable
Growing Potion.md,02_Meccaniche_DaggerHeart\Consumabili\Growing Potion.md,consumable
Health Potion.md,02_Meccaniche_DaggerHeart\Consumabili\Health Potion.md,consumable
Homets Secret Potion.md,02_Meccaniche_DaggerHeart\Consumabili\Homets Secret Potion.md,consumable
Hopehold Flare.md,02_Meccaniche_DaggerHeart\Consumabili\Hopehold Flare.md,consumable
Hornets Secret Potion.md,02_Meccaniche_DaggerHeart\Consumabili\Hornets Secret Potion.md,consumable
Improved Arcane Shard.md,02_Meccaniche_DaggerHeart\Consumabili\Improved Arcane Shard.md,consumable
Improved Grindletooth Venom.md,02_Meccaniche_DaggerHeart\Consumabili\Improved Grindletooth Venom.md,consumable
Jar of Lost Voices.md,02_Meccaniche_DaggerHeart\Consumabili\Jar of Lost Voices.md,consumable
Jumping Root.md,02_Meccaniche_DaggerHeart\Consumabili\Jumping Root.md,consumable
Knowledge Stone.md,02_Meccaniche_DaggerHeart\Consumabili\Knowledge Stone.md,consumable
Major Arcane Shard.md,02_Meccaniche_DaggerHeart\Consumabili\Major Arcane Shard.md,consumable
Major Attune Potion.md,02_Meccaniche_DaggerHeart\Consumabili\Major Attune Potion.md,consumable
Major Bolster Potion.md,02_Meccaniche_DaggerHeart\Consumabili\Major Bolster Potion.md,consumable
Major Charm Potion.md,02_Meccaniche_DaggerHeart\Consumabili\Major Charm Potion.md,consumable
Major Control Potion.md,02_Meccaniche_DaggerHeart\Consumabili\Major Control Potion.md,consumable
Major Enlighten Potion.md,02_Meccaniche_DaggerHeart\Consumabili\Major Enlighten Potion.md,consumable
Major Health Potion.md,02_Meccaniche_DaggerHeart\Consumabili\Major Health Potion.md,consumable
Major Stamina Potion.md,02_Meccaniche_DaggerHeart\Consumabili\Major Stamina Potion.md,consumable
Major Stride Potion.md,02_Meccaniche_DaggerHeart\Consumabili\Major Stride Potion.md,consumable
Minor Health Potion.md,02_Meccaniche_DaggerHeart\Consumabili\Minor Health Potion.md,consumable
Minor Stamina Potion.md,02_Meccaniche_DaggerHeart\Consumabili\Minor Stamina Potion.md,consumable
Mirror of Marigold.md,02_Meccaniche_DaggerHeart\Consumabili\Mirror of Marigold.md,consumable
Morphing Clay.md,02_Meccaniche_DaggerHeart\Consumabili\Morphing Clay.md,consumable
Mythic Dust.md,02_Meccaniche_DaggerHeart\Consumabili\Mythic Dust.md,consumable
Ogre Musk.md,02_Meccaniche_DaggerHeart\Consumabili\Ogre Musk.md,consumable
Potion of Stability.md,02_Meccaniche_DaggerHeart\Consumabili\Potion of Stability.md,consumable
Redthorn Saliva.md,02_Meccaniche_DaggerHeart\Consumabili\Redthorn Saliva.md,consumable
Replication Parchment.md,02_Meccaniche_DaggerHeart\Consumabili\Replication Parchment.md,consumable
Shrinking Potion.md,02_Meccaniche_DaggerHeart\Consumabili\Shrinking Potion.md,consumable
Sleeping Sap.md,02_Meccaniche_DaggerHeart\Consumabili\Sleeping Sap.md,consumable
Snap Powder.md,02_Meccaniche_DaggerHeart\Consumabili\Snap Powder.md,consumable
Stamina Potion.md,02_Meccaniche_DaggerHeart\Consumabili\Stamina Potion.md,consumable
Stardrop.md,02_Meccaniche_DaggerHeart\Consumabili\Stardrop.md,consumable
Stride Potion.md,02_Meccaniche_DaggerHeart\Consumabili\Stride Potion.md,consumable
Sun Tree Sap.md,02_Meccaniche_DaggerHeart\Consumabili\Sun Tree Sap.md,consumable
Sweet Moss.md,02_Meccaniche_DaggerHeart\Consumabili\Sweet Moss.md,consumable
Unstable Arcane Shard.md,02_Meccaniche_DaggerHeart\Consumabili\Unstable Arcane Shard.md,consumable
Varik Leaves.md,02_Meccaniche_DaggerHeart\Consumabili\Varik Leaves.md,consumable
Vial of Darksmoke.md,02_Meccaniche_DaggerHeart\Consumabili\Vial of Darksmoke.md,consumable
Vial of Moondrip.md,02_Meccaniche_DaggerHeart\Consumabili\Vial of Moondrip.md,consumable
Wingsprout.md,02_Meccaniche_DaggerHeart\Consumabili\Wingsprout.md,consumable
Arcana.md,02_Meccaniche_DaggerHeart\Domini\Arcana.md,domain
Codice.md,02_Meccaniche_DaggerHeart\Domini\Codice.md,domain
Domini delle Classi.md,02_Meccaniche_DaggerHeart\Domini\Domini delle Classi.md,domain
Grazia.md,02_Meccaniche_DaggerHeart\Domini\Grazia.md,domain
Lama.md,02_Meccaniche_DaggerHeart\Domini\Lama.md,domain
MezzaNotte.md,02_Meccaniche_DaggerHeart\Domini\MezzaNotte.md,domain
Ossa.md,02_Meccaniche_DaggerHeart\Domini\Ossa.md,domain
Saggio.md,02_Meccaniche_DaggerHeart\Domini\Saggio.md,domain
Splendore.md,02_Meccaniche_DaggerHeart\Domini\Splendore.md,domain
Valore.md,02_Meccaniche_DaggerHeart\Domini\Valore.md,domain
Agile Scout.md,02_Meccaniche_DaggerHeart\Forme Bestiali\Agile Scout.md,beast_form
Aquatic Predator.md,02_Meccaniche_DaggerHeart\Forme Bestiali\Aquatic Predator.md,beast_form
Aquatic Scout.md,02_Meccaniche_DaggerHeart\Forme Bestiali\Aquatic Scout.md,beast_form
Armored Sentry.md,02_Meccaniche_DaggerHeart\Forme Bestiali\Armored Sentry.md,beast_form
Epic Aquatic Beast.md,02_Meccaniche_DaggerHeart\Forme Bestiali\Epic Aquatic Beast.md,beast_form
Great Predator.md,02_Meccaniche_DaggerHeart\Forme Bestiali\Great Predator.md,beast_form
Great Winged Beast.md,02_Meccaniche_DaggerHeart\Forme Bestiali\Great Winged Beast.md,beast_form
Household Friend.md,02_Meccaniche_DaggerHeart\Forme Bestiali\Household Friend.md,beast_form
Legendary Beast.md,02_Meccaniche_DaggerHeart\Forme Bestiali\Legendary Beast.md,beast_form
Legendary Hybrid.md,02_Meccaniche_DaggerHeart\Forme Bestiali\Legendary Hybrid.md,beast_form
Massive Behemoth.md,02_Meccaniche_DaggerHeart\Forme Bestiali\Massive Behemoth.md,beast_form
Mighty Lizard.md,02_Meccaniche_DaggerHeart\Forme Bestiali\Mighty Lizard.md,beast_form
Mighty Strider.md,02_Meccaniche_DaggerHeart\Forme Bestiali\Mighty Strider.md,beast_form
Mythic Aerial Hunter.md,02_Meccaniche_DaggerHeart\Forme Bestiali\Mythic Aerial Hunter.md,beast_form
Mythic Beast.md,02_Meccaniche_DaggerHeart\Forme Bestiali\Mythic Beast.md,beast_form
Mythic Hybrid.md,02_Meccaniche_DaggerHeart\Forme Bestiali\Mythic Hybrid.md,beast_form
Nimble Grazer.md,02_Meccaniche_DaggerHeart\Forme Bestiali\Nimble Grazer.md,beast_form
Pack Predator.md,02_Meccaniche_DaggerHeart\Forme Bestiali\Pack Predator.md,beast_form
Pouncing Predator.md,02_Meccaniche_DaggerHeart\Forme Bestiali\Pouncing Predator.md,beast_form
Powerful Beast.md,02_Meccaniche_DaggerHeart\Forme Bestiali\Powerful Beast.md,beast_form
Stalking Arachnid.md,02_Meccaniche_DaggerHeart\Forme Bestiali\Stalking Arachnid.md,beast_form
Striking Serpent.md,02_Meccaniche_DaggerHeart\Forme Bestiali\Striking Serpent.md,beast_form
Terrible Lizard.md,02_Meccaniche_DaggerHeart\Forme Bestiali\Terrible Lizard.md,beast_form
Winged Beast.md,02_Meccaniche_DaggerHeart\Forme Bestiali\Winged Beast.md,beast_form
Airblade Charm.md,02_Meccaniche_DaggerHeart\items\Airblade Charm.md,item
Alistairs Torch.md,02_Meccaniche_DaggerHeart\items\Alistairs Torch.md,item
Arcane Cloak.md,02_Meccaniche_DaggerHeart\items\Arcane Cloak.md,item
Arcane Prism.md,02_Meccaniche_DaggerHeart\items\Arcane Prism.md,item
Attune Relic.md,02_Meccaniche_DaggerHeart\items\Attune Relic.md,item
Bag of Ficklesand.md,02_Meccaniche_DaggerHeart\items\Bag of Ficklesand.md,item
Belt of Unity.md,02_Meccaniche_DaggerHeart\items\Belt of Unity.md,item
Bloodstone.md,02_Meccaniche_DaggerHeart\items\Bloodstone.md,item
Bolster Relic.md,02_Meccaniche_DaggerHeart\items\Bolster Relic.md,item
Box of Many Goods.md,02_Meccaniche_DaggerHeart\items\Box of Many Goods.md,item
Calming Pendant.md,02_Meccaniche_DaggerHeart\items\Calming Pendant.md,item
Charging Quiver.md,02_Meccaniche_DaggerHeart\items\Charging Quiver.md,item
Charm Relic.md,02_Meccaniche_DaggerHeart\items\Charm Relic.md,item
Clay Companion.md,02_Meccaniche_DaggerHeart\items\Clay Companion.md,item
Companion Case.md,02_Meccaniche_DaggerHeart\items\Companion Case.md,item
Control Relic.md,02_Meccaniche_DaggerHeart\items\Control Relic.md,item
Corrector Sprite.md,02_Meccaniche_DaggerHeart\items\Corrector Sprite.md,item
Dual Flask.md,02_Meccaniche_DaggerHeart\items\Dual Flask.md,item
Elusive Amulet.md,02_Meccaniche_DaggerHeart\items\Elusive Amulet.md,item
Empty Chest.md,02_Meccaniche_DaggerHeart\items\Empty Chest.md,item
Enlighten Relic.md,02_Meccaniche_DaggerHeart\items\Enlighten Relic.md,item
Fire Jar.md,02_Meccaniche_DaggerHeart\items\Fire Jar.md,item
Flickerfly Pendant.md,02_Meccaniche_DaggerHeart\items\Flickerfly Pendant.md,item
Gecko Gloves.md,02_Meccaniche_DaggerHeart\items\Gecko Gloves.md,item
Gem of Alacrity.md,02_Meccaniche_DaggerHeart\items\Gem of Alacrity.md,item
Gem of Audacity.md,02_Meccaniche_DaggerHeart\items\Gem of Audacity.md,item
Gem of Insight.md,02_Meccaniche_DaggerHeart\items\Gem of Insight.md,item
Gem of Might.md,02_Meccaniche_DaggerHeart\items\Gem of Might.md,item
Gem of Precision.md,02_Meccaniche_DaggerHeart\items\Gem of Precision.md,item
Gem of Sagacity.md,02_Meccaniche_DaggerHeart\items\Gem of Sagacity.md,item
Glamour Stone.md,02_Meccaniche_DaggerHeart\items\Glamour Stone.md,item
Glider.md,02_Meccaniche_DaggerHeart\items\Glider.md,item
Greatstone.md,02_Meccaniche_DaggerHeart\items\Greatstone.md,item
Homing Compasses.md,02_Meccaniche_DaggerHeart\items\Homing Compasses.md,item
Honing Relic.md,02_Meccaniche_DaggerHeart\items\Honing Relic.md,item
Hopekeeper Locket.md,02_Meccaniche_DaggerHeart\items\Hopekeeper Locket.md,item
Infinite Bag.md,02_Meccaniche_DaggerHeart\items\Infinite Bag.md,item
Lakestrider Boots.md,02_Meccaniche_DaggerHeart\items\Lakestrider Boots.md,item
Lorekeeper.md,02_Meccaniche_DaggerHeart\items\Lorekeeper.md,item
Manacles.md,02_Meccaniche_DaggerHeart\items\Manacles.md,item
Minor Health Potion Recipe.md,02_Meccaniche_DaggerHeart\items\Minor Health Potion Recipe.md,item
Minor Stamina Potion Recipe.md,02_Meccaniche_DaggerHeart\items\Minor Stamina Potion Recipe.md,item
Mythic Dust Recipe.md,02_Meccaniche_DaggerHeart\items\Mythic Dust Recipe.md,item
Paragons Chain.md,02_Meccaniche_DaggerHeart\items\Paragons Chain.md,item
Phoenix Feather.md,02_Meccaniche_DaggerHeart\items\Phoenix Feather.md,item
Piercing Arrows.md,02_Meccaniche_DaggerHeart\items\Piercing Arrows.md,item
Piper Whistle.md,02_Meccaniche_DaggerHeart\items\Piper Whistle.md,item
Portal Seed.md,02_Meccaniche_DaggerHeart\items\Portal Seed.md,item
Premium Bedroll.md,02_Meccaniche_DaggerHeart\items\Premium Bedroll.md,item
Ring of Resistance.md,02_Meccaniche_DaggerHeart\items\Ring of Resistance.md,item
Ring of Silence.md,02_Meccaniche_DaggerHeart\items\Ring of Silence.md,item
Ring of Unbreakable Resolve.md,02_Meccaniche_DaggerHeart\items\Ring of Unbreakable Resolve.md,item
Shard of Memory.md,02_Meccaniche_DaggerHeart\items\Shard of Memory.md,item
Skeleton Key.md,02_Meccaniche_DaggerHeart\items\Skeleton Key.md,item
Speaking Orbs.md,02_Meccaniche_DaggerHeart\items\Speaking Orbs.md,item
Stride Relic.md,02_Meccaniche_DaggerHeart\items\Stride Relic.md,item
Suspended Rod.md,02_Meccaniche_DaggerHeart\items\Suspended Rod.md,item
Valorstone.md,02_Meccaniche_DaggerHeart\items\Valorstone.md,item
Vial of Darksmoke Recipe.md,02_Meccaniche_DaggerHeart\items\Vial of Darksmoke Recipe.md,item
Woven Net.md,02_Meccaniche_DaggerHeart\items\Woven Net.md,item
Abominio dei Regni Esterni.md,02_Meccaniche_DaggerHeart\Nemici\Abominio dei Regni Esterni.md,enemy
Adepto Cultista.md,02_Meccaniche_DaggerHeart\Nemici\Adepto Cultista.md,enemy
Agglomerato di Carcasse Zombie.md,02_Meccaniche_DaggerHeart\Nemici\Agglomerato di Carcasse Zombie.md,enemy
Alto Serafino.md,02_Meccaniche_DaggerHeart\Nemici\Alto Serafino.md,enemy
Anguille Elettriche.md,02_Meccaniche_DaggerHeart\Nemici\Anguille Elettriche.md,enemy
Aquila Gigante.md,02_Meccaniche_DaggerHeart\Nemici\Aquila Gigante.md,enemy
Arcere Scheletrico.md,02_Meccaniche_DaggerHeart\Nemici\Arcere Scheletrico.md,enemy
Arciere Maledetto.md,02_Meccaniche_DaggerHeart\Nemici\Arciere Maledetto.md,enemy
Arciere Spettrale.md,02_Meccaniche_DaggerHeart\Nemici\Arciere Spettrale.md,enemy
ArcoNecromante.md,02_Meccaniche_DaggerHeart\Nemici\ArcoNecromante.md,enemy
Assassino Apprendista.md,02_Meccaniche_DaggerHeart\Nemici\Assassino Apprendista.md,enemy
Assassino Velenoso.md,02_Meccaniche_DaggerHeart\Nemici\Assassino Velenoso.md,enemy
Bandito con Lama Seghettata.md,02_Meccaniche_DaggerHeart\Nemici\Bandito con Lama Seghettata.md,enemy
Barone Mercante.md,02_Meccaniche_DaggerHeart\Nemici\Barone Mercante.md,enemy
Branco Demoniaco.md,02_Meccaniche_DaggerHeart\Nemici\Branco Demoniaco.md,enemy
Cacciatore Mortale.md,02_Meccaniche_DaggerHeart\Nemici\Cacciatore Mortale.md,enemy
Capitano Pirata.md,02_Meccaniche_DaggerHeart\Nemici\Capitano Pirata.md,enemy
Capitano Spettrale.md,02_Meccaniche_DaggerHeart\Nemici\Capitano Spettrale.md,enemy
Capo delle Guardie.md,02_Meccaniche_DaggerHeart\Nemici\Capo delle Guardie.md,enemy
Cavaliere del Cervo.md,02_Meccaniche_DaggerHeart\Nemici\Cavaliere del Cervo.md,enemy
Cavaliere della Corona.md,02_Meccaniche_DaggerHeart\Nemici\Cavaliere della Corona.md,enemy
Cavaliere Scheletrico.md,02_Meccaniche_DaggerHeart\Nemici\Cavaliere Scheletrico.md,enemy
Cecchino della Lama Seghettata.md,02_Meccaniche_DaggerHeart\Nemici\Cecchino della Lama Seghettata.md,enemy
Combattente Gigante.md,02_Meccaniche_DaggerHeart\Nemici\Combattente Gigante.md,enemy
Consigliere Reale.md,02_Meccaniche_DaggerHeart\Nemici\Consigliere Reale.md,enemy
Corrutore dei Regni Esterni.md,02_Meccaniche_DaggerHeart\Nemici\Corrutore dei Regni Esterni.md,enemy
Corruttore dei Regni Esterni.md,02_Meccaniche_DaggerHeart\Nemici\Corruttore dei Regni Esterni.md,enemy
Cortigiana.md,02_Meccaniche_DaggerHeart\Nemici\Cortigiana.md,enemy
Cortigiano.md,02_Meccaniche_DaggerHeart\Nemici\Cortigiano.md,enemy
Coscritto.md,02_Meccaniche_DaggerHeart\Nemici\Coscritto.md,enemy
Costrutto.md,02_Meccaniche_DaggerHeart\Nemici\Costrutto.md,enemy
Custode dei Segreti.md,02_Meccaniche_DaggerHeart\Nemici\Custode dei Segreti.md,enemy
Demone dell'Avarizia.md,02_Meccaniche_DaggerHeart\Nemici\Demone dell'Avarizia.md,enemy
Demone dell'Presunzione.md,02_Meccaniche_DaggerHeart\Nemici\Demone dell'Presunzione.md,enemy
Demone della Furia.md,02_Meccaniche_DaggerHeart\Nemici\Demone della Furia.md,enemy
Demone di Disperazione.md,02_Meccaniche_DaggerHeart\Nemici\Demone di Disperazione.md,enemy
Demone di Gelosia.md,02_Meccaniche_DaggerHeart\Nemici\Demone di Gelosia.md,enemy
Demone Minore.md,02_Meccaniche_DaggerHeart\Nemici\Demone Minore.md,enemy
Devastatore.md,02_Meccaniche_DaggerHeart\Nemici\Devastatore.md,enemy
Difensore dalle Radici Profonde.md,02_Meccaniche_DaggerHeart\Nemici\Difensore dalle Radici Profonde.md,enemy
Dragatore Scheletrico.md,02_Meccaniche_DaggerHeart\Nemici\Dragatore Scheletrico.md,enemy
Drago Vulcanico Flagello Fuso.md,02_Meccaniche_DaggerHeart\Nemici\Drago Vulcanico Flagello Fuso.md,enemy
Drago Vulcanico Predatore di Ossidiana.md,02_Meccaniche_DaggerHeart\Nemici\Drago Vulcanico Predatore di Ossidiana.md,enemy
Drago Vulcanico Tiranno Cinereo.md,02_Meccaniche_DaggerHeart\Nemici\Drago Vulcanico Tiranno Cinereo.md,enemy
Driade.md,02_Meccaniche_DaggerHeart\Nemici\Driade.md,enemy
Elementale Maggiore dell'Acqua.md,02_Meccaniche_DaggerHeart\Nemici\Elementale Maggiore dell'Acqua.md,enemy
Elementale Maggiore della Terra.md,02_Meccaniche_DaggerHeart\Nemici\Elementale Maggiore della Terra.md,enemy
Elementale Minore del Caos.md,02_Meccaniche_DaggerHeart\Nemici\Elementale Minore del Caos.md,enemy
Elementale Minore del Fuoco.md,02_Meccaniche_DaggerHeart\Nemici\Elementale Minore del Fuoco.md,enemy
Esperimento Fallito.md,02_Meccaniche_DaggerHeart\Nemici\Esperimento Fallito.md,enemy
Giovane Drago di Ghiaccio.md,02_Meccaniche_DaggerHeart\Nemici\Giovane Drago di Ghiaccio.md,enemy
Giovane Driade.md,02_Meccaniche_DaggerHeart\Nemici\Giovane Driade.md,enemy
Gorgone.md,02_Meccaniche_DaggerHeart\Nemici\Gorgone.md,enemy
Gruppo di Zombie.md,02_Meccaniche_DaggerHeart\Nemici\Gruppo di Zombie.md,enemy
Guardia Arciere.md,02_Meccaniche_DaggerHeart\Nemici\Guardia Arciere.md,enemy
Guardia con Lama.md,02_Meccaniche_DaggerHeart\Nemici\Guardia con Lama.md,enemy
Guardiano Carceriere della Cripta.md,02_Meccaniche_DaggerHeart\Nemici\Guardiano Carceriere della Cripta.md,enemy
Guardiano Spettrale.md,02_Meccaniche_DaggerHeart\Nemici\Guardiano Spettrale.md,enemy
Guerriero Caduto Campione Imbattibile.md,02_Meccaniche_DaggerHeart\Nemici\Guerriero Caduto Campione Imbattibile.md,enemy
Guerriero Caduto Frantumatore di Reami.md,02_Meccaniche_DaggerHeart\Nemici\Guerriero Caduto Frantumatore di Reami.md,enemy
Guerriero Scheletrico.md,02_Meccaniche_DaggerHeart\Nemici\Guerriero Scheletrico.md,enemy
Idra.md,02_Meccaniche_DaggerHeart\Nemici\Idra.md,enemy
Immensa Melma Verde.md,02_Meccaniche_DaggerHeart\Nemici\Immensa Melma Verde.md,enemy
Iniziato Cultista.md,02_Meccaniche_DaggerHeart\Nemici\Iniziato Cultista.md,enemy
Kraken.md,02_Meccaniche_DaggerHeart\Nemici\Kraken.md,enemy
Ladro Mascherato.md,02_Meccaniche_DaggerHeart\Nemici\Ladro Mascherato.md,enemy
Lama Incantata.md,02_Meccaniche_DaggerHeart\Nemici\Lama Incantata.md,enemy
Legione Zombie.md,02_Meccaniche_DaggerHeart\Nemici\Legione Zombie.md,enemy
Lucciola Adulta.md,02_Meccaniche_DaggerHeart\Nemici\Lucciola Adulta.md,enemy
Lucciola Giovane.md,02_Meccaniche_DaggerHeart\Nemici\Lucciola Giovane.md,enemy
Lupo Mannaro.md,02_Meccaniche_DaggerHeart\Nemici\Lupo Mannaro.md,enemy
Maestro Assassino.md,02_Meccaniche_DaggerHeart\Nemici\Maestro Assassino.md,enemy
Maestro delle Armi.md,02_Meccaniche_DaggerHeart\Nemici\Maestro delle Armi.md,enemy
Maestro delle Bestie Gigante.md,02_Meccaniche_DaggerHeart\Nemici\Maestro delle Bestie Gigante.md,enemy
Mago della Lama Seghettata.md,02_Meccaniche_DaggerHeart\Nemici\Mago della Lama Seghettata.md,enemy
Melma Rossa.md,02_Meccaniche_DaggerHeart\Nemici\Melma Rossa.md,enemy
Melma Verde.md,02_Meccaniche_DaggerHeart\Nemici\Melma Verde.md,enemy
Mente dei Vampiri.md,02_Meccaniche_DaggerHeart\Nemici\Mente dei Vampiri.md,enemy
Mercante.md,02_Meccaniche_DaggerHeart\Nemici\Mercante.md,enemy
Mercenario.md,02_Meccaniche_DaggerHeart\Nemici\Mercenario.md,enemy
Minotauro Demolitore.md,02_Meccaniche_DaggerHeart\Nemici\Minotauro Demolitore.md,enemy
Monarca.md,02_Meccaniche_DaggerHeart\Nemici\Monarca.md,enemy
Nobile Minore.md,02_Meccaniche_DaggerHeart\Nemici\Nobile Minore.md,enemy
Ogre di Caverna.md,02_Meccaniche_DaggerHeart\Nemici\Ogre di Caverna.md,enemy
Ombra della Lama Seghettata.md,02_Meccaniche_DaggerHeart\Nemici\Ombra della Lama Seghettata.md,enemy
Oracolo del Destino.md,02_Meccaniche_DaggerHeart\Nemici\Oracolo del Destino.md,enemy
Orso.md,02_Meccaniche_DaggerHeart\Nemici\Orso.md,enemy
Pastore di Alberi Minore.md,02_Meccaniche_DaggerHeart\Nemici\Pastore di Alberi Minore.md,enemy
Pastore di Alberi Quercia.md,02_Meccaniche_DaggerHeart\Nemici\Pastore di Alberi Quercia.md,enemy
Piccola Melma Rossa.md,02_Meccaniche_DaggerHeart\Nemici\Piccola Melma Rossa.md,enemy
Piccola Melma Verde.md,02_Meccaniche_DaggerHeart\Nemici\Piccola Melma Verde.md,enemy
Piccolo Pastore di Alberi.md,02_Meccaniche_DaggerHeart\Nemici\Piccolo Pastore di Alberi.md,enemy
Pirata Resiliente.md,02_Meccaniche_DaggerHeart\Nemici\Pirata Resiliente.md,enemy
Predoni Pirati.md,02_Meccaniche_DaggerHeart\Nemici\Predoni Pirati.md,enemy
Ratto Gigante.md,02_Meccaniche_DaggerHeart\Nemici\Ratto Gigante.md,enemy
Recluta Gigante.md,02_Meccaniche_DaggerHeart\Nemici\Recluta Gigante.md,enemy
Rovi Intricati.md,02_Meccaniche_DaggerHeart\Nemici\Rovi Intricati.md,enemy
Scatola da Battaglia.md,02_Meccaniche_DaggerHeart\Nemici\Scatola da Battaglia.md,enemy
Scavatore Acido.md,02_Meccaniche_DaggerHeart\Nemici\Scavatore Acido.md,enemy
Sciame di Ratti.md,02_Meccaniche_DaggerHeart\Nemici\Sciame di Ratti.md,enemy
Sciame di Rovi Intricati.md,02_Meccaniche_DaggerHeart\Nemici\Sciame di Rovi Intricati.md,enemy
Scintilla Elementale.md,02_Meccaniche_DaggerHeart\Nemici\Scintilla Elementale.md,enemy
Scorpione Gigante.md,02_Meccaniche_DaggerHeart\Nemici\Scorpione Gigante.md,enemy
Seguace della Lama Seghettata.md,02_Meccaniche_DaggerHeart\Nemici\Seguace della Lama Seghettata.md,enemy
Sentinella Guardiana della Cripta.md,02_Meccaniche_DaggerHeart\Nemici\Sentinella Guardiana della Cripta.md,enemy
Serpente di Vetro.md,02_Meccaniche_DaggerHeart\Nemici\Serpente di Vetro.md,enemy
Servo dei Regni Esterni.md,02_Meccaniche_DaggerHeart\Nemici\Servo dei Regni Esterni.md,enemy
Sirena.md,02_Meccaniche_DaggerHeart\Nemici\Sirena.md,enemy
Soldato d'Assalto Caduto.md,02_Meccaniche_DaggerHeart\Nemici\Soldato d'Assalto Caduto.md,enemy
Soldato d'Elite.md,02_Meccaniche_DaggerHeart\Nemici\Soldato d'Elite.md,enemy
Soldato Maledetto.md,02_Meccaniche_DaggerHeart\Nemici\Soldato Maledetto.md,enemy
Soldato Silvano.md,02_Meccaniche_DaggerHeart\Nemici\Soldato Silvano.md,enemy
Spettro di Pietra.md,02_Meccaniche_DaggerHeart\Nemici\Spettro di Pietra.md,enemy
SpezzaGinocchia della Lama Seghettata.md,02_Meccaniche_DaggerHeart\Nemici\SpezzaGinocchia della Lama Seghettata.md,enemy
Spia.md,02_Meccaniche_DaggerHeart\Nemici\Spia.md,enemy
Squadrone di Arceri.md,02_Meccaniche_DaggerHeart\Nemici\Squadrone di Arceri.md,enemy
Squalo.md,02_Meccaniche_DaggerHeart\Nemici\Squalo.md,enemy
Stregone Caduto.md,02_Meccaniche_DaggerHeart\Nemici\Stregone Caduto.md,enemy
Stregone Guerriero.md,02_Meccaniche_DaggerHeart\Nemici\Stregone Guerriero.md,enemy
Tenente della Lama Seghettata.md,02_Meccaniche_DaggerHeart\Nemici\Tenente della Lama Seghettata.md,enemy
Terribile Pipistrello.md,02_Meccaniche_DaggerHeart\Nemici\Terribile Pipistrello.md,enemy
Teschio del Caos.md,02_Meccaniche_DaggerHeart\Nemici\Teschio del Caos.md,enemy
Torretta Guardiana della Cripta.md,02_Meccaniche_DaggerHeart\Nemici\Torretta Guardiana della Cripta.md,enemy
Vampiro.md,02_Meccaniche_DaggerHeart\Nemici\Vampiro.md,enemy
Zanna Cultista.md,02_Meccaniche_DaggerHeart\Nemici\Zanna Cultista.md,enemy
Zanzare Giganti.md,02_Meccaniche_DaggerHeart\Nemici\Zanzare Giganti.md,enemy
Zombie Barcollante.md,02_Meccaniche_DaggerHeart\Nemici\Zombie Barcollante.md,enemy
Zombie Marcio.md,02_Meccaniche_DaggerHeart\Nemici\Zombie Marcio.md,enemy
Zombie Muscoloso.md,02_Meccaniche_DaggerHeart\Nemici\Zombie Muscoloso.md,enemy
Zombie Perfezionato.md,02_Meccaniche_DaggerHeart\Nemici\Zombie Perfezionato.md,enemy
Ispirazione Divina.md,02_Meccaniche_DaggerHeart\Regole_di_Casa\Ispirazione Divina.md,house_rule
Teriantropia.md,02_Meccaniche_DaggerHeart\Regole_di_Casa\Teriantropia.md,house_rule
Vampirismo.md,02_Meccaniche_DaggerHeart\Regole_di_Casa\Vampirismo.md,house_rule
Beastbound.md,02_Meccaniche_DaggerHeart\SottoClassi\Beastbound.md,subclass
Call of the Brave.md,02_Meccaniche_DaggerHeart\SottoClassi\Call of the Brave.md,subclass
Call of the Slayer.md,02_Meccaniche_DaggerHeart\SottoClassi\Call of the Slayer.md,subclass
Cavaliere di Kurash.md,02_Meccaniche_DaggerHeart\SottoClassi\Cavaliere di Kurash.md,subclass
Cavaliere di Öuin.md,02_Meccaniche_DaggerHeart\SottoClassi\Cavaliere di Öuin.md,subclass
Cavaliere Ospedaliere.md,02_Meccaniche_DaggerHeart\SottoClassi\Cavaliere Ospedaliere.md,subclass
Divine Wielder.md,02_Meccaniche_DaggerHeart\SottoClassi\Divine Wielder.md,subclass
Elemental Origin.md,02_Meccaniche_DaggerHeart\SottoClassi\Elemental Origin.md,subclass
Nightwalker.md,02_Meccaniche_DaggerHeart\SottoClassi\Nightwalker.md,subclass
Primal Origin.md,02_Meccaniche_DaggerHeart\SottoClassi\Primal Origin.md,subclass
School of Knowledge.md,02_Meccaniche_DaggerHeart\SottoClassi\School of Knowledge.md,subclass
School of War.md,02_Meccaniche_DaggerHeart\SottoClassi\School of War.md,subclass
SottoClassi.md,02_Meccaniche_DaggerHeart\SottoClassi\SottoClassi.md,subclass
Stalwart.md,02_Meccaniche_DaggerHeart\SottoClassi\Stalwart.md,subclass
Syndicate.md,02_Meccaniche_DaggerHeart\SottoClassi\Syndicate.md,subclass
Troubadour.md,02_Meccaniche_DaggerHeart\SottoClassi\Troubadour.md,subclass
Vengeance.md,02_Meccaniche_DaggerHeart\SottoClassi\Vengeance.md,subclass
Warden of Renewal.md,02_Meccaniche_DaggerHeart\SottoClassi\Warden of Renewal.md,subclass
Warden of the Elements.md,02_Meccaniche_DaggerHeart\SottoClassi\Warden of the Elements.md,subclass
Wayfinder.md,02_Meccaniche_DaggerHeart\SottoClassi\Wayfinder.md,subclass
Winged Sentinel.md,02_Meccaniche_DaggerHeart\SottoClassi\Winged Sentinel.md,subclass
Wordsmith.md,02_Meccaniche_DaggerHeart\SottoClassi\Wordsmith.md,subclass
Abile Inganno.md,02_Meccaniche_DaggerHeart\Abilità\DaggerHeart\Abile Inganno.md,ability
Appoggiati.md,02_Meccaniche_DaggerHeart\Abilità\DaggerHeart\Appoggiati.md,ability
Approccio Strategico.md,02_Meccaniche_DaggerHeart\Abilità\DaggerHeart\Approccio Strategico.md,ability
Armatura Fortificata.md,02_Meccaniche_DaggerHeart\Abilità\DaggerHeart\Armatura Fortificata.md,ability
Armatura Infrangibile.md,02_Meccaniche_DaggerHeart\Abilità\DaggerHeart\Armatura Infrangibile.md,ability
Assalto.md,02_Meccaniche_DaggerHeart\Abilità\DaggerHeart\Assalto.md,ability
Attraverso i Tuoi Occhi.md,02_Meccaniche_DaggerHeart\Abilità\DaggerHeart\Attraverso i Tuoi Occhi.md,ability
Audace.md,02_Meccaniche_DaggerHeart\Abilità\DaggerHeart\Audace.md,ability
Aura Confondente.md,02_Meccaniche_DaggerHeart\Abilità\DaggerHeart\Aura Confondente.md,ability
Aura Sovrastante.md,02_Meccaniche_DaggerHeart\Abilità\DaggerHeart\Aura Sovrastante.md,ability
Barriera di Rigenerazione.md,02_Meccaniche_DaggerHeart\Abilità\DaggerHeart\Barriera di Rigenerazione.md,ability
Cacciare.md,02_Meccaniche_DaggerHeart\Abilità\DaggerHeart\Cacciare.md,ability
Cacciatore d'Ombre.md,02_Meccaniche_DaggerHeart\Abilità\DaggerHeart\Cacciatore d'Ombre.md,ability
Camminatore di Fessura.md,02_Meccaniche_DaggerHeart\Abilità\DaggerHeart\Camminatore di Fessura.md,ability
Cammino sulle Pareti.md,02_Meccaniche_DaggerHeart\Abilità\DaggerHeart\Cammino sulle Pareti.md,ability
Campo di Guarigione.md,02_Meccaniche_DaggerHeart\Abilità\DaggerHeart\Campo di Guarigione.md,ability
Carica di Incantesimo.md,02_Meccaniche_DaggerHeart\Abilità\DaggerHeart\Carica di Incantesimo.md,ability
Carisma Infinito.md,02_Meccaniche_DaggerHeart\Abilità\DaggerHeart\Carisma Infinito.md,ability
Catena di Fulmini.md,02_Meccaniche_DaggerHeart\Abilità\DaggerHeart\Catena di Fulmini.md,ability
Cieli che Cadono.md,02_Meccaniche_DaggerHeart\Abilità\DaggerHeart\Cieli che Cadono.md,ability
Colpire al Suolo.md,02_Meccaniche_DaggerHeart\Abilità\DaggerHeart\Colpire al Suolo.md,ability
Colpito dalla Lama.md,02_Meccaniche_DaggerHeart\Abilità\DaggerHeart\Colpito dalla Lama.md,ability
Colpo del Mietitore.md,02_Meccaniche_DaggerHeart\Abilità\DaggerHeart\Colpo del Mietitore.md,ability
Colpo di Frantumazione.md,02_Meccaniche_DaggerHeart\Abilità\DaggerHeart\Colpo di Frantumazione.md,ability
Colpo di Rottura.md,02_Meccaniche_DaggerHeart\Abilità\DaggerHeart\Colpo di Rottura.md,ability
Colpo di Sfioramento.md,02_Meccaniche_DaggerHeart\Abilità\DaggerHeart\Colpo di Sfioramento.md,ability
Colpo Guaritore.md,02_Meccaniche_DaggerHeart\Abilità\DaggerHeart\Colpo Guaritore.md,ability
Colpo Risonante.md,02_Meccaniche_DaggerHeart\Abilità\DaggerHeart\Colpo Risonante.md,ability
Colpo.md,02_Meccaniche_DaggerHeart\Abilità\DaggerHeart\Colpo.md,ability
Combattente Versatile.md,02_Meccaniche_DaggerHeart\Abilità\DaggerHeart\Combattente Versatile.md,ability
Concentrazione Letale.md,02_Meccaniche_DaggerHeart\Abilità\DaggerHeart\Concentrazione Letale.md,ability
Condividi il Carico.md,02_Meccaniche_DaggerHeart\Abilità\DaggerHeart\Condividi il Carico.md,ability
Conosci il tuo nemico.md,02_Meccaniche_DaggerHeart\Abilità\DaggerHeart\Conosci il tuo nemico.md,ability
ControIncantesimo.md,02_Meccaniche_DaggerHeart\Abilità\DaggerHeart\ControIncantesimo.md,ability
Controllare.md,02_Meccaniche_DaggerHeart\Abilità\DaggerHeart\Controllare.md,ability
Corazza.md,02_Meccaniche_DaggerHeart\Abilità\DaggerHeart\Corazza.md,ability
Corsa verso la Morte.md,02_Meccaniche_DaggerHeart\Abilità\DaggerHeart\Corsa verso la Morte.md,ability
Custode delle Rune.md,02_Meccaniche_DaggerHeart\Abilità\DaggerHeart\Custode delle Rune.md,ability
Discorso Rassicurante.md,02_Meccaniche_DaggerHeart\Abilità\DaggerHeart\Discorso Rassicurante.md,ability
Distruttore di Corpi.md,02_Meccaniche_DaggerHeart\Abilità\DaggerHeart\Distruttore di Corpi.md,ability
Divinazione.md,02_Meccaniche_DaggerHeart\Abilità\DaggerHeart\Divinazione.md,ability
Dominio Vegetale.md,02_Meccaniche_DaggerHeart\Abilità\DaggerHeart\Dominio Vegetale.md,ability
Eclissi.md,02_Meccaniche_DaggerHeart\Abilità\DaggerHeart\Eclissi.md,ability
Entusiasmo di Massa.md,02_Meccaniche_DaggerHeart\Abilità\DaggerHeart\Entusiasmo di Massa.md,ability
Equidi Evocati.md,02_Meccaniche_DaggerHeart\Abilità\DaggerHeart\Equidi Evocati.md,ability
Esperto di Furtività.md,02_Meccaniche_DaggerHeart\Abilità\DaggerHeart\Esperto di Furtività.md,ability
Esplosione Ammantata.md,02_Meccaniche_DaggerHeart\Abilità\DaggerHeart\Esplosione Ammantata.md,ability
Esplosione di Conservazione.md,02_Meccaniche_DaggerHeart\Abilità\DaggerHeart\Esplosione di Conservazione.md,ability
Estasi.md,02_Meccaniche_DaggerHeart\Abilità\DaggerHeart\Estasi.md,ability
Evoca Sciame.md,02_Meccaniche_DaggerHeart\Abilità\DaggerHeart\Evoca Sciame.md,ability
Famiglio della Natura.md,02_Meccaniche_DaggerHeart\Abilità\DaggerHeart\Famiglio della Natura.md,ability
Famoso.md,02_Meccaniche_DaggerHeart\Abilità\DaggerHeart\Famoso.md,ability
Ferocia.md,02_Meccaniche_DaggerHeart\Abilità\DaggerHeart\Ferocia.md,ability
Forma Materiale.md,02_Meccaniche_DaggerHeart\Abilità\DaggerHeart\Forma Materiale.md,ability
Fortezza Selvaggia.md,02_Meccaniche_DaggerHeart\Abilità\DaggerHeart\Fortezza Selvaggia.md,ability
Forza della Natura.md,02_Meccaniche_DaggerHeart\Abilità\DaggerHeart\Forza della Natura.md,ability
Frenesia.md,02_Meccaniche_DaggerHeart\Abilità\DaggerHeart\Frenesia.md,ability
Furia Crescente.md,02_Meccaniche_DaggerHeart\Abilità\DaggerHeart\Furia Crescente.md,ability
Fusto Maestoso.md,02_Meccaniche_DaggerHeart\Abilità\DaggerHeart\Fusto Maestoso.md,ability
Glifo dell'Oscurità.md,02_Meccaniche_DaggerHeart\Abilità\DaggerHeart\Glifo dell'Oscurità.md,ability
Grido di Battaglia.md,02_Meccaniche_DaggerHeart\Abilità\DaggerHeart\Grido di Battaglia.md,ability
Guida con l'Esempio.md,02_Meccaniche_DaggerHeart\Abilità\DaggerHeart\Guida con l'Esempio.md,ability
Imitatore.md,02_Meccaniche_DaggerHeart\Abilità\DaggerHeart\Imitatore.md,ability
Impulso Selvaggio.md,02_Meccaniche_DaggerHeart\Abilità\DaggerHeart\Impulso Selvaggio.md,ability
Inevitabile.md,02_Meccaniche_DaggerHeart\Abilità\DaggerHeart\Inevitabile.md,ability
Infrangibile.md,02_Meccaniche_DaggerHeart\Abilità\DaggerHeart\Infrangibile.md,ability
Intoccabile.md,02_Meccaniche_DaggerHeart\Abilità\DaggerHeart\Intoccabile.md,ability
Intrico Violento.md,02_Meccaniche_DaggerHeart\Abilità\DaggerHeart\Intrico Violento.md,ability
Invisibilità.md,02_Meccaniche_DaggerHeart\Abilità\DaggerHeart\Invisibilità.md,ability
Ispirazione Critica.md,02_Meccaniche_DaggerHeart\Abilità\DaggerHeart\Ispirazione Critica.md,ability
Legame dell'Ombra.md,02_Meccaniche_DaggerHeart\Abilità\DaggerHeart\Legame dell'Ombra.md,ability
Legame di un Soldato.md,02_Meccaniche_DaggerHeart\Abilità\DaggerHeart\Legame di un Soldato.md,ability
Libera il Caos.md,02_Meccaniche_DaggerHeart\Abilità\DaggerHeart\Libera il Caos.md,ability
Libro di Ava.md,02_Meccaniche_DaggerHeart\Abilità\DaggerHeart\Libro di Ava.md,ability
Libro di Exota.md,02_Meccaniche_DaggerHeart\Abilità\DaggerHeart\Libro di Exota.md,ability
Libro di Grynn.md,02_Meccaniche_DaggerHeart\Abilità\DaggerHeart\Libro di Grynn.md,ability
Libro di Homet.md,02_Meccaniche_DaggerHeart\Abilità\DaggerHeart\Libro di Homet.md,ability
Libro di Illiat.md,02_Meccaniche_DaggerHeart\Abilità\DaggerHeart\Libro di Illiat.md,ability
Libro di Korvax.md,02_Meccaniche_DaggerHeart\Abilità\DaggerHeart\Libro di Korvax.md,ability
Libro di Norai.md,02_Meccaniche_DaggerHeart\Abilità\DaggerHeart\Libro di Norai.md,ability
Libro di Ronin.md,02_Meccaniche_DaggerHeart\Abilità\DaggerHeart\Libro di Ronin.md,ability
Libro di Sitil.md,02_Meccaniche_DaggerHeart\Abilità\DaggerHeart\Libro di Sitil.md,ability
Libro di Tyfar.md,02_Meccaniche_DaggerHeart\Abilità\DaggerHeart\Libro di Tyfar.md,ability
Libro di Vagras.md,02_Meccaniche_DaggerHeart\Abilità\DaggerHeart\Libro di Vagras.md,ability
Libro di Vyola.md,02_Meccaniche_DaggerHeart\Abilità\DaggerHeart\Libro di Vyola.md,ability
Libro di Yarrow.md,02_Meccaniche_DaggerHeart\Abilità\DaggerHeart\Libro di Yarrow.md,ability
Lingua della Natura.md,02_Meccaniche_DaggerHeart\Abilità\DaggerHeart\Lingua della Natura.md,ability
Maestro dell'Arte.md,02_Meccaniche_DaggerHeart\Abilità\DaggerHeart\Maestro dell'Arte.md,ability
Mai Sopraffatto.md,02_Meccaniche_DaggerHeart\Abilità\DaggerHeart\Mai Sopraffatto.md,ability
Mani Curatrici.md,02_Meccaniche_DaggerHeart\Abilità\DaggerHeart\Mani Curatrici.md,ability
Manovre Agili.md,02_Meccaniche_DaggerHeart\Abilità\DaggerHeart\Manovre Agili.md,ability
Mischia.md,02_Meccaniche_DaggerHeart\Abilità\DaggerHeart\Mischia.md,ability
Morsa Mortale.md,02_Meccaniche_DaggerHeart\Abilità\DaggerHeart\Morsa Mortale.md,ability
Mossa Caratteristica.md,02_Meccaniche_DaggerHeart\Abilità\DaggerHeart\Mossa Caratteristica.md,ability
Mostro da Battaglia.md,02_Meccaniche_DaggerHeart\Abilità\DaggerHeart\Mostro da Battaglia.md,ability
Muro Manifesto.md,02_Meccaniche_DaggerHeart\Abilità\DaggerHeart\Muro Manifesto.md,ability
Non Abbastanza Buono.md,02_Meccaniche_DaggerHeart\Abilità\DaggerHeart\Non Abbastanza Buono.md,ability
Non Dire Mai Bugie.md,02_Meccaniche_DaggerHeart\Abilità\DaggerHeart\Non Dire Mai Bugie.md,ability
Occhio Fluttuante.md,02_Meccaniche_DaggerHeart\Abilità\DaggerHeart\Occhio Fluttuante.md,ability
Onda di Disintegrazione.md,02_Meccaniche_DaggerHeart\Abilità\DaggerHeart\Onda di Disintegrazione.md,ability
Ossa e Pelle.md,02_Meccaniche_DaggerHeart\Abilità\DaggerHeart\Ossa e Pelle.md,ability
Parole d'Ispirazione.md,02_Meccaniche_DaggerHeart\Abilità\DaggerHeart\Parole d'Ispirazione.md,ability
Parole di Discordia.md,02_Meccaniche_DaggerHeart\Abilità\DaggerHeart\Parole di Discordia.md,ability
Passo Rapido.md,02_Meccaniche_DaggerHeart\Abilità\DaggerHeart\Passo Rapido.md,ability
Pelle di Spine.md,02_Meccaniche_DaggerHeart\Abilità\DaggerHeart\Pelle di Spine.md,ability
PiantaGrane.md,02_Meccaniche_DaggerHeart\Abilità\DaggerHeart\PiantaGrane.md,ability
Piena Ondata.md,02_Meccaniche_DaggerHeart\Abilità\DaggerHeart\Piena Ondata.md,ability
Pioggia di Lame.md,02_Meccaniche_DaggerHeart\Abilità\DaggerHeart\Pioggia di Lame.md,ability
Potenziamento.md,02_Meccaniche_DaggerHeart\Abilità\DaggerHeart\Potenziamento.md,ability
Precisione Crudele.md,02_Meccaniche_DaggerHeart\Abilità\DaggerHeart\Precisione Crudele.md,ability
Premonizione.md,02_Meccaniche_DaggerHeart\Abilità\DaggerHeart\Premonizione.md,ability
Prendi e Tira.md,02_Meccaniche_DaggerHeart\Abilità\DaggerHeart\Prendi e Tira.md,ability
Presa alla Gola.md,02_Meccaniche_DaggerHeart\Abilità\DaggerHeart\Presa alla Gola.md,ability
Presa Cinerea.md,02_Meccaniche_DaggerHeart\Abilità\DaggerHeart\Presa Cinerea.md,ability
Presenza Audace.md,02_Meccaniche_DaggerHeart\Abilità\DaggerHeart\Presenza Audace.md,ability
Proiettile Corrosivo.md,02_Meccaniche_DaggerHeart\Abilità\DaggerHeart\Proiettile Corrosivo.md,ability
Proiettile di Luce.md,02_Meccaniche_DaggerHeart\Abilità\DaggerHeart\Proiettile di Luce.md,ability
Proiezione Astrale.md,02_Meccaniche_DaggerHeart\Abilità\DaggerHeart\Proiezione Astrale.md,ability
Proiezione Sensoriale.md,02_Meccaniche_DaggerHeart\Abilità\DaggerHeart\Proiezione Sensoriale.md,ability
Provocazione.md,02_Meccaniche_DaggerHeart\Abilità\DaggerHeart\Provocazione.md,ability
Raccoglitore.md,02_Meccaniche_DaggerHeart\Abilità\DaggerHeart\Raccoglitore.md,ability
Rafforzamento.md,02_Meccaniche_DaggerHeart\Abilità\DaggerHeart\Rafforzamento.md,ability
Rafforzato in Battaglia.md,02_Meccaniche_DaggerHeart\Abilità\DaggerHeart\Rafforzato in Battaglia.md,ability
Raggio Salvifico.md,02_Meccaniche_DaggerHeart\Abilità\DaggerHeart\Raggio Salvifico.md,ability
Rassicurazione.md,02_Meccaniche_DaggerHeart\Abilità\DaggerHeart\Rassicurazione.md,ability
Recupero.md,02_Meccaniche_DaggerHeart\Abilità\DaggerHeart\Recupero.md,ability
Regola la Realtà.md,02_Meccaniche_DaggerHeart\Abilità\DaggerHeart\Regola la Realtà.md,ability
Rialzati.md,02_Meccaniche_DaggerHeart\Abilità\DaggerHeart\Rialzati.md,ability
Ridirezione.md,02_Meccaniche_DaggerHeart\Abilità\DaggerHeart\Ridirezione.md,ability
Riflesso Arcano.md,02_Meccaniche_DaggerHeart\Abilità\DaggerHeart\Riflesso Arcano.md,ability
Rifugio Sicuro.md,02_Meccaniche_DaggerHeart\Abilità\DaggerHeart\Rifugio Sicuro.md,ability
Rinvigorimento.md,02_Meccaniche_DaggerHeart\Abilità\DaggerHeart\Rinvigorimento.md,ability
Ripetizione.md,02_Meccaniche_DaggerHeart\Abilità\DaggerHeart\Ripetizione.md,ability
Risorgi.md,02_Meccaniche_DaggerHeart\Abilità\DaggerHeart\Risorgi.md,ability
Risposta Rapida.md,02_Meccaniche_DaggerHeart\Abilità\DaggerHeart\Risposta Rapida.md,ability
Ristoro.md,02_Meccaniche_DaggerHeart\Abilità\DaggerHeart\Ristoro.md,ability
Risurrezione.md,02_Meccaniche_DaggerHeart\Abilità\DaggerHeart\Risurrezione.md,ability
Ritirata Fantasma.md,02_Meccaniche_DaggerHeart\Abilità\DaggerHeart\Ritirata Fantasma.md,ability
Sangue e Gloria.md,02_Meccaniche_DaggerHeart\Abilità\DaggerHeart\Sangue e Gloria.md,ability
Santuario della Selva.md,02_Meccaniche_DaggerHeart\Abilità\DaggerHeart\Santuario della Selva.md,ability
Scavatore di Pensieri.md,02_Meccaniche_DaggerHeart\Abilità\DaggerHeart\Scavatore di Pensieri.md,ability
Schivata Elusiva.md,02_Meccaniche_DaggerHeart\Abilità\DaggerHeart\Schivata Elusiva.md,ability
Scudo d'Aura.md,02_Meccaniche_DaggerHeart\Abilità\DaggerHeart\Scudo d'Aura.md,ability
Scudo di Supporto.md,02_Meccaniche_DaggerHeart\Abilità\DaggerHeart\Scudo di Supporto.md,ability
Scuotiti.md,02_Meccaniche_DaggerHeart\Abilità\DaggerHeart\Scuotiti.md,ability
Secondo Respiro.md,02_Meccaniche_DaggerHeart\Abilità\DaggerHeart\Secondo Respiro.md,ability
Sigillo di Ritorsione.md,02_Meccaniche_DaggerHeart\Abilità\DaggerHeart\Sigillo di Ritorsione.md,ability
Silenzio.md,02_Meccaniche_DaggerHeart\Abilità\DaggerHeart\Silenzio.md,ability
Sono Il Tuo Scudo.md,02_Meccaniche_DaggerHeart\Abilità\DaggerHeart\Sono Il Tuo Scudo.md,ability
Sparizione.md,02_Meccaniche_DaggerHeart\Abilità\DaggerHeart\Sparizione.md,ability
Spettro del Buio.md,02_Meccaniche_DaggerHeart\Abilità\DaggerHeart\Spettro del Buio.md,ability
Spinta Forzata.md,02_Meccaniche_DaggerHeart\Abilità\DaggerHeart\Spinta Forzata.md,ability
Spiritelli della Foresta.md,02_Meccaniche_DaggerHeart\Abilità\DaggerHeart\Spiritelli della Foresta.md,ability
Spirito di Mezzanotte.md,02_Meccaniche_DaggerHeart\Abilità\DaggerHeart\Spirito di Mezzanotte.md,ability
Splendida Luce Solare.md,02_Meccaniche_DaggerHeart\Abilità\DaggerHeart\Splendida Luce Solare.md,ability
Sul Limite.md,02_Meccaniche_DaggerHeart\Abilità\DaggerHeart\Sul Limite.md,ability
Sussurri Oscuri.md,02_Meccaniche_DaggerHeart\Abilità\DaggerHeart\Sussurri Oscuri.md,ability
Tassa del Crepuscolo.md,02_Meccaniche_DaggerHeart\Abilità\DaggerHeart\Tassa del Crepuscolo.md,ability
Tattico.md,02_Meccaniche_DaggerHeart\Abilità\DaggerHeart\Tattico.md,ability
Telecinesi.md,02_Meccaniche_DaggerHeart\Abilità\DaggerHeart\Telecinesi.md,ability
Teletrasporto.md,02_Meccaniche_DaggerHeart\Abilità\DaggerHeart\Teletrasporto.md,ability
Tempesta.md,02_Meccaniche_DaggerHeart\Abilità\DaggerHeart\Tempesta.md,ability
Terremoto.md,02_Meccaniche_DaggerHeart\Abilità\DaggerHeart\Terremoto.md,ability
Terrore della Notte.md,02_Meccaniche_DaggerHeart\Abilità\DaggerHeart\Terrore della Notte.md,ability
Tieni la Linea.md,02_Meccaniche_DaggerHeart\Abilità\DaggerHeart\Tieni la Linea.md,ability
Toccando l'Osso.md,02_Meccaniche_DaggerHeart\Abilità\DaggerHeart\Toccando l'Osso.md,ability
Toccato dal Codice.md,02_Meccaniche_DaggerHeart\Abilità\DaggerHeart\Toccato dal Codice.md,ability
Toccato dal Valore.md,02_Meccaniche_DaggerHeart\Abilità\DaggerHeart\Toccato dal Valore.md,ability
Toccato dall'Arcano.md,02_Meccaniche_DaggerHeart\Abilità\DaggerHeart\Toccato dall'Arcano.md,ability
Toccato dalla Mezzanotte.md,02_Meccaniche_DaggerHeart\Abilità\DaggerHeart\Toccato dalla Mezzanotte.md,ability
Tocco del Saggio.md,02_Meccaniche_DaggerHeart\Abilità\DaggerHeart\Tocco del Saggio.md,ability
Tocco della Grazia.md,02_Meccaniche_DaggerHeart\Abilità\DaggerHeart\Tocco della Grazia.md,ability
Tocco dello Splendore.md,02_Meccaniche_DaggerHeart\Abilità\DaggerHeart\Tocco dello Splendore.md,ability
Tocco Riparatore.md,02_Meccaniche_DaggerHeart\Abilità\DaggerHeart\Tocco Riparatore.md,ability
Tracciatore Dotato.md,02_Meccaniche_DaggerHeart\Abilità\DaggerHeart\Tracciatore Dotato.md,ability
Travestimento di Massa.md,02_Meccaniche_DaggerHeart\Abilità\DaggerHeart\Travestimento di Massa.md,ability
Travestimento Misterioso.md,02_Meccaniche_DaggerHeart\Abilità\DaggerHeart\Travestimento Misterioso.md,ability
Ultime Parole.md,02_Meccaniche_DaggerHeart\Abilità\DaggerHeart\Ultime Parole.md,ability
Unione Trascendente.md,02_Meccaniche_DaggerHeart\Abilità\DaggerHeart\Unione Trascendente.md,ability
Vantaggio del Campione.md,02_Meccaniche_DaggerHeart\Abilità\DaggerHeart\Vantaggio del Campione.md,ability
Vedo Che Arriva.md,02_Meccaniche_DaggerHeart\Abilità\DaggerHeart\Vedo Che Arriva.md,ability
Velo Ipnotico.md,02_Meccaniche_DaggerHeart\Abilità\DaggerHeart\Velo Ipnotico.md,ability
Velo Notturno.md,02_Meccaniche_DaggerHeart\Abilità\DaggerHeart\Velo Notturno.md,ability
Vita Protetta.md,02_Meccaniche_DaggerHeart\Abilità\DaggerHeart\Vita Protetta.md,ability
Vitalità.md,02_Meccaniche_DaggerHeart\Abilità\DaggerHeart\Vitalità.md,ability
Voce della Ragione.md,02_Meccaniche_DaggerHeart\Abilità\DaggerHeart\Voce della Ragione.md,ability
Volo.md,02_Meccaniche_DaggerHeart\Abilità\DaggerHeart\Volo.md,ability
Vortice.md,02_Meccaniche_DaggerHeart\Abilità\DaggerHeart\Vortice.md,ability
Zona di Protezione.md,02_Meccaniche_DaggerHeart\Abilità\DaggerHeart\Zona di Protezione.md,ability
Clank.md,02_Meccaniche_DaggerHeart\Ancestry_e_Community\Ancestry\Clank.md,ancestry
Drakona.md,02_Meccaniche_DaggerHeart\Ancestry_e_Community\Ancestry\Drakona.md,ancestry
Elfi.md,02_Meccaniche_DaggerHeart\Ancestry_e_Community\Ancestry\Elfi.md,ancestry
Faerie.md,02_Meccaniche_DaggerHeart\Ancestry_e_Community\Ancestry\Faerie.md,ancestry
Fauni.md,02_Meccaniche_DaggerHeart\Ancestry_e_Community\Ancestry\Fauni.md,ancestry
Firbolg.md,02_Meccaniche_DaggerHeart\Ancestry_e_Community\Ancestry\Firbolg.md,ancestry
Fungril.md,02_Meccaniche_DaggerHeart\Ancestry_e_Community\Ancestry\Fungril.md,ancestry
Galapa.md,02_Meccaniche_DaggerHeart\Ancestry_e_Community\Ancestry\Galapa.md,ancestry
Giganti.md,02_Meccaniche_DaggerHeart\Ancestry_e_Community\Ancestry\Giganti.md,ancestry
Goblin.md,02_Meccaniche_DaggerHeart\Ancestry_e_Community\Ancestry\Goblin.md,ancestry
Halfling.md,02_Meccaniche_DaggerHeart\Ancestry_e_Community\Ancestry\Halfling.md,ancestry
Infernis.md,02_Meccaniche_DaggerHeart\Ancestry_e_Community\Ancestry\Infernis.md,ancestry
Karevi.md,02_Meccaniche_DaggerHeart\Ancestry_e_Community\Ancestry\Karevi.md,ancestry
Katari.md,02_Meccaniche_DaggerHeart\Ancestry_e_Community\Ancestry\Katari.md,ancestry
Klorss.md,02_Meccaniche_DaggerHeart\Ancestry_e_Community\Ancestry\Klorss.md,ancestry
Nani.md,02_Meccaniche_DaggerHeart\Ancestry_e_Community\Ancestry\Nani.md,ancestry
Nuno.md,02_Meccaniche_DaggerHeart\Ancestry_e_Community\Ancestry\Nuno.md,ancestry
Orchi.md,02_Meccaniche_DaggerHeart\Ancestry_e_Community\Ancestry\Orchi.md,ancestry
Ribbet.md,02_Meccaniche_DaggerHeart\Ancestry_e_Community\Ancestry\Ribbet.md,ancestry
Simiah.md,02_Meccaniche_DaggerHeart\Ancestry_e_Community\Ancestry\Simiah.md,ancestry
Umani.md,02_Meccaniche_DaggerHeart\Ancestry_e_Community\Ancestry\Umani.md,ancestry
Urakian.md,02_Meccaniche_DaggerHeart\Ancestry_e_Community\Ancestry\Urakian.md,ancestry
Wiloi.md,02_Meccaniche_DaggerHeart\Ancestry_e_Community\Ancestry\Wiloi.md,ancestry
Bard.md,02_Meccaniche_DaggerHeart\Classi\DaggerHeart\Bard.md,class
Druid.md,02_Meccaniche_DaggerHeart\Classi\DaggerHeart\Druid.md,class
Guardian.md,02_Meccaniche_DaggerHeart\Classi\DaggerHeart\Guardian.md,class
Ranger.md,02_Meccaniche_DaggerHeart\Classi\DaggerHeart\Ranger.md,class
Rogue.md,02_Meccaniche_DaggerHeart\Classi\DaggerHeart\Rogue.md,class
Seraph.md,02_Meccaniche_DaggerHeart\Classi\DaggerHeart\Seraph.md,class
Sourcerer.md,02_Meccaniche_DaggerHeart\Classi\DaggerHeart\Sourcerer.md,class
Warrior.md,02_Meccaniche_DaggerHeart\Classi\DaggerHeart\Warrior.md,class
Wizard.md,02_Meccaniche_DaggerHeart\Classi\DaggerHeart\Wizard.md,class
Warlock.md,02_Meccaniche_DaggerHeart\Classi\DaggerHeart Hope and Fear\Warlock.md,class
Witch.md,02_Meccaniche_DaggerHeart\Classi\DaggerHeart Hope and Fear\Witch.md,class
Agan.md,03_Campagna\PNG\Agan.md,npc
An'Rao IV.md,03_Campagna\PNG\An'Rao IV.md,npc
Annie Rose-Robe.md,03_Campagna\PNG\Annie Rose-Robe.md,npc
Axrul II De Vaars.md,03_Campagna\PNG\Axrul II De Vaars.md,npc
Bruin Ashcroft.md,03_Campagna\PNG\Bruin Ashcroft.md,npc
Buhragath.md,03_Campagna\PNG\Buhragath.md,npc
Daahronat.md,03_Campagna\PNG\Daahronat.md,npc
Desea.md,03_Campagna\PNG\Desea.md,npc
Doerun Eldobeth.md,03_Campagna\PNG\Doerun Eldobeth.md,npc
Efneriom.md,03_Campagna\PNG\Efneriom.md,npc
Fahrn.md,03_Campagna\PNG\Fahrn.md,npc
Hedd.md,03_Campagna\PNG\Hedd.md,npc
Horus.md,03_Campagna\PNG\Horus.md,npc
Hulbert.md,03_Campagna\PNG\Hulbert.md,npc
Korath.md,03_Campagna\PNG\Korath.md,npc
Lewyn.md,03_Campagna\PNG\Lewyn.md,npc
M'oraoork.md,03_Campagna\PNG\M'oraoork.md,npc
Najestarr.md,03_Campagna\PNG\Najestarr.md,npc
Namass'rya.md,03_Campagna\PNG\Namass'rya.md,npc
Nelen Deseziath.md,03_Campagna\PNG\Nelen Deseziath.md,npc
Orgnornor.md,03_Campagna\PNG\Orgnornor.md,npc
Rakilia.md,03_Campagna\PNG\Rakilia.md,npc
Renetzia.md,03_Campagna\PNG\Renetzia.md,npc
Rihko.md,03_Campagna\PNG\Rihko.md,npc
Rowzrugu.md,03_Campagna\PNG\Rowzrugu.md,npc
Sagister.md,03_Campagna\PNG\Sagister.md,npc
Ziria.md,03_Campagna\PNG\Ziria.md,npc
Template Ancestry.md,04_Risorse\Templates\Template Ancestry.md,unknown
